Poids,Volume,Conductivite,Opacite,Rigidite,Prix_Revente,Categorie,Rapport_Collecte,Densite,Ratio_Prix_Poids,Poids_Volume_Log,src_Centre_Tri,src_Collecte_Citoyenne,src_Usine_A,src_Usine_B,src_nan
-0.9057667901122209,-1.023857730975985,-0.5499211374365451,-0.03086350340708176,-1.583522901323126,-0.8690436522308769,,"Lot de déchets non identifiés au Centre de Tri. Masse 10.6 kg. Comportement physique atypique, classification incertaine. Odeur inhabituelle signalée par l'agent.",0.6625025473407405,-0.5916273139822726,-1.947409801656773,True,False,False,False,False
-0.6184669436410015,-0.612241229736038,-0.5499211374365451,-0.15985244499772472,-0.6122104986047802,-0.5104944505302517,,"Lot de déchets non identifiés lors d'une collecte citoyenne. Masse 30.3 kg. Comportement physique atypique, classification incertaine. Traces d'humidité détectées.",-0.14027298361394003,-0.1573123794824695,-0.38343975808171515,False,True,False,False,False
-0.8172754488948634,-0.8951033136794807,-0.5499211374365451,-0.03086350340708176,-1.2597521004170107,-0.825595286897176,,"Matériau inconnu depuis l'Usine B. Poids 16.7 kg, volume 25.1 L. Propriétés mixtes. Orientation vers tri manuel.",0.028744338515076098,-0.5916272991867748,-1.1430404328394235,False,False,False,True,False
0.12675039555029713,0.05727143943652448,1.5835887965465973,-0.03086350340708176,1.006643505925796,2.5548225821870627,,"Lot de déchets non identifiés sans localisation enregistrée. Masse 81.2 kg. Comportement physique atypique, classification incertaine. Matériau mélangé à d'autres déchets.",-0.09329795297007572,1.5799473065932856,0.5554997309932836,False,False,False,False,True
-0.8766030919451349,-0.7523043256978224,-0.5499211374365451,-0.03086350340708176,-1.2597521004170107,-0.8547245675044629,,"Déchet non catégorisé collecté au Centre de Tri. Poids 12.6 kg, volume 44.3 L. Caractéristiques ambiguës. Nécessite analyse complémentaire.",-0.31906583969155766,-0.591627307540965,-0.9987245264681681,True,False,False,False,False
-0.8747019169890289,-0.5916402573500192,-0.5499211374365451,-0.03086350340708176,-1.583522901323126,-0.7465399950628177,,Déchet inclassifiable détecté depuis le Centre de Tri. Masse estimée -99.0 kg. Agent de tri recommande contrôle visuel supplémentaire. Conditionnement non conforme au protocole.,-0.40298778218728193,-0.0835421342260227,-0.7949513410258832,True,False,False,False,False
-0.13293025478315948,-0.24335635755392881,1.9684208698169992,-0.03086350340708176,0.35910190411356563,1.7898189370461568,,"Déchet non catégorisé collecté en provenance de l'Usine A. Poids 63.5 kg, volume 112.6 L. Caractéristiques ambiguës. Nécessite analyse complémentaire.",-0.06334012944199853,1.579947297619275,0.27819291483078695,False,False,True,False,False
-0.674460189205286,-0.6498863176295606,-0.5499211374365451,-0.13581118183093097,-0.2884396976986649,-0.5654786999727149,,"Lot de déchets non identifiés provenant de l'Usine A. Masse 26.4 kg. Comportement physique atypique, classification incertaine. Légère contamination observée.",-0.16247180104944428,-0.15731238363380354,-0.49303626793650324,False,False,True,False,False
-0.35757222293383484,-0.3685847021416213,-0.5499211374365451,-0.16941246957070621,-0.6122104986047802,-0.25430104261080266,,"Matériau inconnu au Centre de Tri. Poids non mesuré kg, volume 95.8 L. Propriétés mixtes. Orientation vers tri manuel.",-0.11973624280556242,-0.1573123688482206,0.05818781811728597,True,False,False,False,False
-0.9406861792454847,-0.8721767892102715,-0.5499211374365451,-0.03086350340708176,-0.9359812995108955,-0.8861887237759573,,"Matériau inconnu en provenance de l'Usine A. Poids 8.3 kg, volume 28.2 L. Propriétés mixtes. Orientation vers tri manuel.",-0.3123210775481311,-0.5916273257883315,-1.4374036593884847,False,False,True,False,False
-0.8359522875729687,-0.6939695773378115,-0.5499211374365451,-0.1194138456210061,-0.9359812995108955,-0.5367752401326606,,"Déchet non catégorisé collecté depuis le Centre de Tri. Poids 15.4 kg, volume 52.1 L. Caractéristiques ambiguës. Nécessite analyse complémentaire.",-0.30944428830499293,0.5774428809330071,-0.8176296387017062,True,False,False,False,False
-0.7285506530570804,-0.8921270842281186,-0.5499211374365451,-0.03086350340708176,-0.9359812995108955,-0.7820322976748829,,Déchet inclassifiable détecté à l'Usine A. Masse estimée 22.8 kg. Agent de tri recommande contrôle visuel supplémentaire. Traces d'humidité détectées.,0.2373088346274408,-0.5916272922498796,-0.9799571218959402,False,False,True,False,False
-0.7256920523182357,-0.808795403072949,-0.5499211374365451,-0.13791875012079002,-0.9359812995108955,-0.6157873668916648,,"Matériau inconnu en provenance de l'Usine B. Poids 22.9 kg, volume non mesuré L. Propriétés mixtes. Orientation vers tri manuel.",-0.007011228473369124,-0.15731238864522457,-0.7937295296164754,False,False,False,True,False
-0.1208775667698325,-0.07454284362409994,1.9255280937636372,-0.03086350340708176,0.35910190411356563,1.8253254341690701,,"Matériau inconnu via la collecte citoyenne. Poids 64.3 kg, volume 135.3 L. Propriétés mixtes. Orientation vers tri manuel.",-0.14444421865019225,1.5799472981454503,0.3766130428324952,False,True,False,False,False
-0.7755872213267091,-0.7859127971152815,-0.5499211374365451,-0.03086350340708176,-0.9359812995108955,-0.805126783238195,,Déchet inclassifiable détecté depuis l'Usine B. Masse estimée 19.5 kg. Agent de tri recommande contrôle visuel supplémentaire. Acheminement prioritaire demandé.,-0.13001958889865337,-0.5916272953910535,-0.8341008618929532,False,False,False,True,False
-0.5591264092598766,-0.43347154269333876,-0.5499211374365451,-0.11374797287077733,-0.9359812995108955,-0.38043296659258097,,"Lot de déchets non identifiés provenant de l'Usine A. Masse non mesuré kg. Comportement physique atypique, classification incertaine. Aucune anomalie signalée.",-0.2188988142881126,-0.030886517942553197,-0.15880868607336548,False,False,True,False,False
-0.1416743455780936,-0.13864729063526376,1.913069891215012,-0.03086350340708176,1.006643505925796,1.764059369196269,,"Matériau inconnu en provenance de l'Usine A. Poids 62.9 kg, volume 126.7 L. Propriétés mixtes. Orientation vers tri manuel.",-0.12510212592878647,1.5799472972289088,0.3324340650890945,False,False,True,False,False
1.0227056273801285,1.2556050059257013,-0.5499211374365451,-0.18844930410226443,1.3304143068319114,-0.33149782146601436,,"Lot de déchets non identifiés au Centre de Tri. Masse 142.5 kg. Comportement physique atypique, classification incertaine. Traces d'humidité détectées.",-0.16399361364537712,-0.7653532439378053,1.1978384632089123,True,False,False,False,False
-0.13740182982341803,-0.010032520183839011,1.9049824552136403,-0.03086350340708176,1.006643505925796,1.7766459447537928,,"Déchet inclassifiable détecté provenant de l'Usine A. Masse estimée 63.2 kg. Agent de tri recommande contrôle visuel supplémentaire. État dégradé, recyclage partiel possible.",-0.1779105083550568,1.5799472974205726,0.398842442028587,False,False,True,False,False
1.5438637110245788,1.6202900590351663,-0.5499211374365451,-0.18193998321481242,0.6828727050196809,-0.17796777093252333,,"Déchet non catégorisé collecté en provenance de l'Usine A. Poids 178.1 kg, volume 362.7 L. Caractéristiques ambiguës. Nécessite analyse complémentaire.",-0.13005932805896145,-0.7653532435718773,1.3825162683162215,False,False,True,False,False
-0.8546318431380383,-0.8694539526466427,-0.5499211374365451,-0.03086350340708176,-0.9359812995108955,-0.8439369036282474,,"Lot de déchets non identifiés à l'Usine A. Masse 14.1 kg. Comportement physique atypique, classification incertaine. Acheminement prioritaire demandé.",-0.1267412508972233,-0.5916273038881988,-1.1619195684380679,False,False,True,False,False
1.205375175651509,1.546190802362597,-0.5499211374365451,-0.19233597771383826,1.3304143068319114,-0.2776844664453747,,"Déchet inclassifiable détecté depuis l'Usine B. Masse estimée 154.9 kg. Agent de tri recommande contrôle visuel supplémentaire. Volume surestimé, vérification recommandée.",-0.17758190578038627,-0.7653532437903926,1.2987536402555295,False,False,False,True,False
1.5231966056561599,1.4155447632563007,-0.5499211374365451,-0.18613248466997828,0.6828727050196809,-0.18405617641096378,,Déchet inclassifiable détecté depuis le Centre de Tri. Masse estimée 176.7 kg. Agent de tri recommande contrôle visuel supplémentaire. Acheminement prioritaire demandé.,-0.09697181368200639,-0.7653532435835786,1.3390013572364403,True,False,False,False,False
-0.9480300359788103,-0.8081053993688097,-0.5499211374365451,-0.03086350340708176,-0.9359812995108955,-0.8897944841353143,,"Déchet non catégorisé collecté à l'Usine B. Poids 7.8 kg, volume -6.6 L. Caractéristiques ambiguës. Nécessite analyse complémentaire.",-0.38758981464027153,-0.5916273291966568,-1.3358276468201549,False,False,False,True,False
-0.2549474922050866,-0.3114430252564787,-0.5499211374365451,-0.13314991950771504,-0.2884396976986649,-0.15352560556497513,,"Lot de déchets non identifiés en provenance de l'Usine B. Masse 55.1 kg. Comportement physique atypique, classification incertaine. Volume surestimé, vérification recommandée.",-0.09165690687537756,-0.1573123665506769,0.165077577323601,False,False,False,True,False
-0.5319345716379869,-0.2364701429447905,-0.5499211374365451,-0.1726544836603883,-0.6122104986047802,-0.4255213885276334,,"Déchet non catégorisé collecté depuis le Centre de Tri. Poids 36.2 kg, volume 113.5 L. Caractéristiques ambiguës. Nécessite analyse complémentaire.",-0.2881778721156118,-0.1573123747938617,0.0005881537113489216,True,False,False,False,False
-0.4968069855864993,-0.45571246275768723,-0.5499211374365451,-0.17719746203124376,-0.2884396976986649,-0.3910268002196719,,"Matériau inconnu à l'Usine A. Poids 38.6 kg, volume 84.1 L. Propriétés mixtes. Orientation vers tri manuel.",-0.1595362705254768,-0.1573123733006498,-0.11764519548231822,False,False,True,False,False
-0.42949206921105576,-0.45511737247854633,1.758330277101402,-0.03086350340708176,1.3304143068319114,0.9161655910782681,,"Déchet non catégorisé collecté à l'Usine A. Poids 43.2 kg, volume 84.2 L. Caractéristiques ambiguës. Nécessite analyse complémentaire.",-0.10974157961650001,1.5799472783497108,-0.06068178342097505,False,False,True,False,False
-0.17404296058615396,0.07406116094812329,1.9142878788684514,-0.03086350340708176,0.6828727050196809,1.6687033677478296,,"Déchet non catégorisé collecté depuis l'Usine B. Poids 60.7 kg, volume 155.2 L. Caractéristiques ambiguës. Nécessite analyse complémentaire.",-0.2220380108779099,1.579947295716914,0.4164154095052803,False,False,False,True,False
-0.6569537969283957,-0.7032837620157482,-0.5499211374365451,-0.1682106205495906,-0.9359812995108955,-0.5933057025948344,,"Déchet non catégorisé collecté depuis l'Usine B. Poids non mesuré kg, volume 50.9 L. Caractéristiques ambiguës. Nécessite analyse complémentaire.",-0.08193315839576318,-0.25576568648402265,-0.536911872371077,False,False,False,True,False
-0.11512696800513852,-0.0961835377658355,1.8979033169826731,-0.03086350340708176,0.35910190411356563,1.8422663537604407,,"Déchet non catégorisé collecté au centre de tri municipal. Poids 64.7 kg, volume 132.4 L. Caractéristiques ambiguës. Nécessite analyse complémentaire.",-0.13213854911227874,1.5799472983917775,0.368782984019654,True,False,False,False,False
-0.8650841754787387,-0.7180321978849953,-0.5499211374365451,-0.03086350340708176,-1.2597521004170107,-0.8490688944861159,,"Lot de déchets non identifiés en provenance de l'Usine A. Masse 13.4 kg. Comportement physique atypique, classification incertaine. Lot conforme aux standards de tri.",-0.32891110339504703,-0.5916273055239725,-0.9189733214728742,False,False,True,False,False
1.8066124680739255,1.9712091158609821,-0.5499211374365451,-0.18766316109082865,1.3304143068319114,-0.10056356055301147,,Déchet inclassifiable détecté via la collecte citoyenne. Masse estimée 196.0 kg. Agent de tri recommande contrôle visuel supplémentaire. Odeur inhabituelle signalée par l'agent.,-0.14162777671585086,-0.7653532434378149,1.4919570973625622,False,True,False,False,False
2.000306777706864,2.1730930590310367,-0.5499211374365451,-0.1949583505053976,1.006643505925796,-0.04350237685604586,,Déchet inclassifiable détecté depuis l'Usine B. Masse estimée 209.3 kg. Agent de tri recommande contrôle visuel supplémentaire. Étiquetage absent sur le conteneur.,-0.14104158081148774,-0.7653532433537197,1.5568570429574553,False,False,False,True,False
-0.91609660667243,-0.8298909950969104,-0.5499211374365451,-0.03086350340708176,-0.9359812995108955,-0.8741154890633154,,"Déchet non catégorisé collecté au Centre de Tri. Poids 9.9 kg, volume 33.9 L. Caractéristiques ambiguës. Nécessite analyse complémentaire.",-0.3117566204906056,-0.5916273168838037,-1.2531365948609476,True,False,False,False,False
1.4595754844356483,1.4494544267349,-0.5499211374365451,-0.17819628543172839,1.006643505925796,-0.20279857773318197,,"Déchet inclassifiable détecté en provenance de l'Usine B. Masse estimée 172.3 kg. Agent de tri recommande contrôle visuel supplémentaire. État dégradé, recyclage partiel possible.",-0.11520759343193758,-0.7653532436208039,1.3332626541364012,False,False,False,True,False
-0.19051108829608426,-0.32174565621161816,1.7379129033694587,-0.03086350340708176,1.3304143068319114,1.6201892496933443,,"Lot de déchets non identifiés lors d'une collecte citoyenne. Masse 59.5 kg. Comportement physique atypique, classification incertaine. Volume surestimé, vérification recommandée.",-0.045406243155739594,1.5799472949045215,0.19688432820053886,False,True,False,False,False
1.6483671341210033,1.5228990602293893,-0.5499211374365451,-0.1858033120084222,1.006643505925796,-0.1471816882976375,,"Matériau inconnu via la collecte citoyenne. Poids 185.2 kg, volume 349.7 L. Propriétés mixtes. Orientation vers tri manuel.",-0.09444182582005757,-0.7653532435154428,1.3838348466640582,False,True,False,False,False
-0.8638591053424447,-1.05829517204801,-0.5499211374365451,-0.03086350340708176,-1.2597521004170107,-0.8526690046263852,,"Lot de déchets non identifiés à l'Usine B. Masse non mesuré kg. Comportement physique atypique, classification incertaine. État dégradé, recyclage partiel possible.",3.250916023493647,-0.6104393573474638,-2.267421903037966,False,False,False,True,False
-0.5817555931643211,-0.8065308359561887,-0.5499211374365451,-0.11453830909852535,-0.2884396976986649,-0.4744446371708521,,"Matériau inconnu depuis l'Usine B. Poids non mesuré kg, volume 37.0 L. Propriétés mixtes. Orientation vers tri manuel.",0.2323198638473887,-0.15731237728672515,-0.6107937770988571,False,False,False,True,False
-0.4943506353259132,-0.28533903137521927,-0.5499211374365451,-0.10476114971479608,-0.6122104986047802,-0.3886147132958829,,"Matériau inconnu en provenance de l'Usine A. Poids 38.8 kg, volume 107.0 L. Propriétés mixtes. Orientation vers tri manuel.",-0.24817205435253187,-0.15731237320315508,0.00513759588550015,False,False,True,False,False
-0.9520547669453163,-0.9522348580213316,-0.5499211374365451,-0.03086350340708176,-1.583522901323126,-0.8917705868703049,,"Déchet non catégorisé collecté depuis l'Usine B. Poids 7.5 kg, volume 17.5 L. Caractéristiques ambiguës. Nécessite analyse complémentaire.",-0.18796395477887579,-0.5916273312587185,-1.7257979355036839,False,False,False,True,False
-0.10602442728889161,-0.14739393380764274,2.073920840429258,-0.03086350340708176,1.006643505925796,1.869081893613065,,"Déchet non catégorisé collecté lors d'une collecte citoyenne. Poids 65.3 kg, volume 125.5 L. Caractéristiques ambiguës. Nécessite analyse complémentaire.",-0.10300362277664661,1.5799472987756227,0.34683847365997394,False,True,False,False,False
-0.7848539529070845,-0.8937796406904618,-0.5499211374365451,-0.03086350340708176,-0.9359812995108955,-0.8096766559558493,,"Lot de déchets non identifiés issu de la collecte citoyenne. Masse 18.9 kg. Comportement physique atypique, classification incertaine. Matériau mélangé à d'autres déchets.",0.10486175350915124,-0.5916272961358826,-1.077104643883241,False,True,False,False,False
-0.3648525325031992,-0.372940155312627,-0.5499211374365451,-0.13190398130274314,-0.9359812995108955,-0.2614501612829951,,"Matériau inconnu à l'emplacement non spécifié. Poids 47.6 kg, volume 95.2 L. Propriétés mixtes. Orientation vers tri manuel.",-0.1217047165077058,-0.15731236903692752,0.04990340651821521,False,False,False,False,True
0.24890093680747755,0.24936578122670128,1.7112679338226622,-0.03086350340708176,0.6828727050196809,2.905748707259739,,"Déchet inclassifiable détecté provenant de l'Usine A. Masse estimée 89.6 kg. Agent de tri recommande contrôle visuel supplémentaire. Volume surestimé, vérification recommandée.",-0.12073457383267583,1.5739242422847484,0.6827222298503388,False,False,True,False,False
-0.5928022331851283,-0.5976923011037036,-0.5499211374365451,-0.1327151053222038,-0.6122104986047802,-0.48529221716526105,,"Déchet inclassifiable détecté en provenance de l'Usine A. Masse estimée 32.0 kg. Agent de tri recommande contrôle visuel supplémentaire. Volume surestimé, vérification recommandée.",-0.1287337028500309,-0.15731237791125155,-0.33991858925267576,False,False,True,False,False
-0.8005430542332568,-0.6927228843597484,-0.5499211374365451,-0.03086350340708176,-0.9359812995108955,-0.8173798481190535,,"Lot de déchets non identifiés à l'Usine B. Masse 17.8 kg. Comportement physique atypique, classification incertaine. État dégradé, recyclage partiel possible.",-0.26781039725100786,-0.5916272975175508,-0.7429319457828348,False,False,False,True,False
-0.30993725943671524,-0.29877544543461787,1.8410450929162905,-0.03086350340708176,0.35910190411356563,1.2683669012415564,,"Déchet non catégorisé collecté au centre de tri municipal. Poids 51.4 kg, volume 105.2 L. Caractéristiques ambiguës. Nécessite analyse complémentaire.",-0.13238981326655985,1.5799472879477228,0.13783036742537833,True,False,False,False,False
-0.4240397715931918,-0.8373995099232151,-0.5499211374365451,-0.1300472736684018,-0.6122104986047802,-0.31957084861123003,,Déchet inclassifiable détecté issu de la collecte citoyenne. Masse estimée 43.6 kg. Agent de tri recommande contrôle visuel supplémentaire. Étiquetage absent sur le conteneur.,0.6358775365735516,-0.15731237073105325,-0.5277738889382455,False,True,False,False,False
1.5613589933903125,1.5063777075176281,-0.5499211374365451,-0.19255005724153618,1.3304143068319114,-0.1728137655164983,,"Déchet non catégorisé collecté en provenance de l'Usine A. Poids 179.3 kg, volume 347.4 L. Caractéristiques ambiguës. Nécessite analyse complémentaire.",-0.10705793502304221,-0.7653532435621161,1.364271841691402,False,False,True,False,False
-0.000568826578717247,-0.075560609415291,1.9880522977973185,-0.03086350340708176,1.3304143068319114,2.179747778191734,,"Déchet non catégorisé collecté via la collecte citoyenne. Poids non mesuré kg, volume 135.1 L. Caractéristiques ambiguës. Nécessite analyse complémentaire.",-0.08811120286307704,1.5799473027423707,0.4364842320271436,False,True,False,False,False
2.367304354074059,2.454385137145216,-0.5499211374365451,-0.18193209238557717,1.006643505925796,0.06461291140985483,,"Déchet non catégorisé collecté en provenance de l'Usine A. Poids 234.4 kg, volume 475.9 L. Caractéristiques ambiguës. Nécessite analyse complémentaire.",-0.12749244841414992,-0.7653532432204383,1.6552230678215731,False,False,True,False,False
-0.8255525561955218,-0.6861158808857346,-0.5499211374365451,-0.03086350340708176,-1.2597521004170107,-0.8296592639706154,,"Déchet non catégorisé collecté en provenance de l'Usine B. Poids 16.1 kg, volume 53.2 L. Caractéristiques ambiguës. Nécessite analyse complémentaire.",-0.30255005664637785,-0.5916273001000506,-0.7850064773905198,False,False,False,True,False
0.14041993901142852,0.3474328425113831,1.9669364268426701,-0.03086350340708176,1.006643505925796,2.595092238635278,,Déchet inclassifiable détecté depuis l'Usine B. Masse estimée 82.1 kg. Agent de tri recommande contrôle visuel supplémentaire. Étiquetage absent sur le conteneur.,-0.1877869413010736,1.5799473069582342,0.6750137691865106,False,False,False,True,False
-0.7347251147818079,-0.8629187203747228,-0.5499211374365451,-0.11254678946072585,-0.6122104986047802,-0.6246576539186274,,"Matériau inconnu au centre de tri municipal. Poids 22.3 kg, volume 29.5 L. Propriétés mixtes. Orientation vers tri manuel.",0.11526310202474102,-0.15731238969181865,-0.9178137348367712,True,False,False,False,False
-0.2832970484567792,-0.2927929683943769,1.7585600633347758,-0.03086350340708176,1.3304143068319114,1.3468473674634485,,"Matériau inconnu via la collecte citoyenne. Poids 53.2 kg, volume 106.0 L. Propriétés mixtes. Orientation vers tri manuel.",-0.12000724864794818,1.579947289684611,0.15911761663982169,False,True,False,False,False
2.0819903033699654,1.8882143747394102,-0.5499211374365451,-0.1976117600011157,1.006643505925796,-0.01943889935011986,,"Déchet non catégorisé collecté à l'emplacement non spécifié. Poids 214.9 kg, volume 398.7 L. Caractéristiques ambiguës. Nécessite analyse complémentaire.",-0.08599294557839669,-0.7653532433213622,1.5241264297381552,False,False,False,False,True
1.1170545141295076,1.3322309233934337,-0.5499211374365451,-0.17810359597987385,1.006643505925796,-0.30370320442944315,,"Déchet non catégorisé collecté au Centre de Tri. Poids 148.9 kg, volume 324.1 L. Caractéristiques ambiguës. Nécessite analyse complémentaire.",-0.158948536777955,-0.7653532438585797,1.236226455752261,True,False,False,False,False
-0.5805415430933958,-0.6098212873964702,-0.5499211374365451,-0.11682811240054357,-0.9359812995108955,-0.47325246423530104,,"Matériau inconnu à l'Usine B. Poids 32.9 kg, volume 63.4 L. Propriétés mixtes. Orientation vers tri manuel.",-0.10499238224521164,-0.15731237721983804,-0.3396750138314489,False,False,False,True,False
-0.8510267939255848,-0.7226366246871688,-0.5499211374365451,-0.03086350340708176,-1.583522901323126,-0.8421668604457858,,"Lot de déchets non identifiés depuis le Centre de Tri. Masse 14.4 kg. Comportement physique atypique, classification incertaine. Matériau mélangé à d'autres déchets.",-0.3074091196466713,-0.5916273033617095,-0.890704979354975,True,False,False,False,False
-0.8574309154776606,-0.8921218845175035,-0.5499211374365451,-0.03086350340708176,-1.583522901323126,-0.8453112202103483,,"Matériau inconnu issu de la collecte citoyenne. Poids 13.9 kg, volume 25.5 L. Propriétés mixtes. Orientation vers tri manuel.",-0.0795145912598687,-0.591627304309815,-1.2250491733643905,False,True,False,False,False
-0.6244763855791893,-0.557405015644748,-0.5499211374365451,-0.1661856936959333,-0.9359812995108955,-0.5163956025568825,,"Déchet non catégorisé collecté au Centre de Tri. Poids 29.9 kg, volume 70.5 L. Caractéristiques ambiguës. Nécessite analyse complémentaire.",-0.19165542116446266,-0.15731237987704244,-0.3349754590820712,True,False,False,False,False
1.7636233976651847,1.9298470473995597,-0.5499211374365451,-0.19688420592675412,1.3304143068319114,-0.11322788325925708,,Déchet inclassifiable détecté en provenance de l'Usine B. Masse estimée 193.1 kg. Agent de tri recommande contrôle visuel supplémentaire. Étiquetage absent sur le conteneur.,-0.1422707692987799,-0.765353243458043,1.4775394241369353,False,False,False,True,False
-0.56874887466993,-0.6724092697378697,-0.5499211374365451,-0.15357526778234698,-0.6122104986047802,2.905748707259739,,"Déchet non catégorisé collecté issu de la collecte citoyenne. Poids 33.7 kg, volume 55.0 L. Caractéristiques ambiguës. Nécessite analyse complémentaire.",-0.018882100556812515,5.888688773491019,-0.3987599333625461,False,True,False,False,False
-0.09804972473448167,-0.2162314552673775,1.6265691960682147,-0.03086350340708176,1.3304143068319114,1.8925748897804893,,"Matériau inconnu en provenance de l'Usine B. Poids 65.8 kg, volume 116.2 L. Propriétés mixtes. Orientation vers tri manuel.",-0.06071334893685381,1.579947299105947,0.31264959244194873,False,False,False,True,False
-0.5166523838340648,-0.42804868744983443,-0.5499211374365451,-0.12855172756482672,-0.6122104986047802,-0.4105145851575251,,"Déchet non catégorisé collecté dans un site non renseigné. Poids 37.2 kg, volume 87.8 L. Caractéristiques ambiguës. Nécessite analyse complémentaire.",-0.19153791694619018,-0.15731237412057827,-0.11392674961426139,False,False,False,False,True
-0.9520433832609346,-0.8577847189135244,-0.5499211374365451,-0.03086350340708176,-1.583522901323126,-0.8917649975948905,,"Matériau inconnu issu de la collecte citoyenne. Poids 7.5 kg, volume non mesuré L. Propriétés mixtes. Orientation vers tri manuel.",-0.3531822313953731,-0.5916273312526721,-1.4536724498046774,False,True,False,False,False
-0.6139813082989135,-0.7376410964272633,-0.5499211374365451,-0.1668105242143885,-0.9359812995108955,-0.5060896461637298,,Déchet inclassifiable détecté en provenance de l'Usine B. Masse estimée 30.6 kg. Agent de tri recommande contrôle visuel supplémentaire. Odeur inhabituelle signalée par l'agent.,0.026096492723854725,-0.1573123791948563,-0.5339161701203552,False,False,False,True,False
-0.6060178645220848,-0.6302566466684778,1.8384139310308067,-0.03086350340708176,1.006643505925796,0.39613116917996344,,"Matériau inconnu via la collecte citoyenne. Poids 31.1 kg, volume 60.7 L. Propriétés mixtes. Orientation vers tri manuel.",-0.10983628078708912,1.5799472549643214,-0.38913230723092146,False,True,False,False,False
-0.3139018532342647,-0.2040736326616827,-0.5499211374365451,-0.1349869480777325,-0.6122104986047802,-0.2114176112860545,,"Lot de déchets non identifiés au centre de tri municipal. Masse 51.1 kg. Comportement physique atypique, classification incertaine. État dégradé, recyclage partiel possible.",-0.1828648487741673,-0.15731236779342997,0.19239983372516692,True,False,False,False,False
-0.1818638719285843,-0.036929710590606714,1.8471101486869375,-0.03086350340708176,0.7476268652009037,1.6456634312812488,,"Matériau inconnu issu de la collecte citoyenne. Poids 60.1 kg, volume 140.3 L. Propriétés mixtes. Orientation vers tri manuel.",-0.18743389347631575,1.5799472953348916,0.3613648313319083,False,True,False,False,False
-0.11512696800513852,-0.0961835377658355,1.8979033169826731,-0.03086350340708176,0.35910190411356563,1.8422663537604407,,"Lot de déchets non identifiés au centre de tri municipal. Masse 64.7 kg. Comportement physique atypique, classification incertaine. Étiquetage absent sur le conteneur.",-0.13213854911227874,1.5799472983917775,0.368782984019654,True,False,False,False,False
0.8705872403039061,0.9543813121743583,-0.5499211374365451,-0.19780984353253003,1.3304143068319114,-0.37631098735143276,,"Déchet non catégorisé collecté en provenance de l'Usine A. Poids 132.1 kg, volume 273.4 L. Caractéristiques ambiguës. Nécessite analyse complémentaire.",-0.13726327733049218,-0.7653532440818356,1.0906283528885805,False,False,True,False,False
-0.8352284194931576,-0.8877214745976524,-0.5499211374365451,-0.03086350340708176,-0.9359812995108955,-0.8344100162780307,,"Lot de déchets non identifiés à l'emplacement non spécifié. Masse 15.5 kg. Comportement physique atypique, classification incertaine. Poids anormalement élevé pour cette catégorie.",-0.03750563293864975,-0.5916273012523969,-1.1619188230584139,False,False,False,False,True
1.630501919773374,1.3988748669514632,-0.5499211374365451,9.847609253667422,1.006643505925796,-0.15244467346022492,,"Matériau inconnu depuis l'Usine B. Poids 184.0 kg, volume 333.0 L. Propriétés mixtes. Orientation vers tri manuel.",-0.0734919689037776,-0.76535324352478,1.3560486555272926,False,False,False,True,False
1.8066124680739255,1.9712091158609821,-0.5499211374365451,-0.18766316109082865,1.3304143068319114,-0.10056356055301147,,Déchet inclassifiable détecté via la collecte citoyenne. Masse estimée 196.0 kg. Agent de tri recommande contrôle visuel supplémentaire. Poids anormalement élevé pour cette catégorie.,-0.14162777671585086,-0.7653532434378149,1.4919570973625622,False,True,False,False,False
-0.06547469609537296,-0.04049459790051427,1.6111354581486343,-0.03086350340708176,0.6828727050196809,1.988538973425103,,"Déchet non catégorisé collecté lors d'une collecte citoyenne. Poids 68.1 kg, volume 139.8 L. Caractéristiques ambiguës. Nécessite analyse complémentaire.",-0.13383638622563873,1.5799473004003175,0.4219879844814761,False,True,False,False,False
0.14535633278086618,0.1468607662569379,1.8191834463190042,-0.03086350340708176,0.35910190411356563,2.6096345590685552,,"Déchet non catégorisé collecté depuis le Centre de Tri. Poids 82.5 kg, volume 165.0 L. Caractéristiques ambiguës. Nécessite analyse complémentaire.",-0.12175842160933778,1.5799473070879944,0.6012526454880625,True,False,False,False,False
-0.17804008800001916,-0.4686811143737852,1.6069716715821576,-0.03086350340708176,0.6828727050196809,1.656928069750951,,"Déchet non catégorisé collecté lors d'une collecte citoyenne. Poids 60.4 kg, volume 82.4 L. Caractéristiques ambiguës. Nécessite analyse complémentaire.",0.09231552947416384,1.5799472955225142,0.09635981058931163,False,True,False,False,False
-0.9433704125270465,-0.7270648545010737,-0.5499211374365451,-0.03086350340708176,-1.2597521004170107,-0.8875066555267226,,"Déchet inclassifiable détecté via la collecte citoyenne. Masse estimée 8.1 kg. Agent de tri recommande contrôle visuel supplémentaire. Volume surestimé, vérification recommandée.",-0.42555459693695835,-0.5916273269849287,-1.1862248238827797,False,True,False,False,False
-0.45882337166027126,-0.19531723718517052,-0.5499211374365451,-0.1685463610042792,-0.6122104986047802,-0.353727649548933,,"Lot de déchets non identifiés sans localisation enregistrée. Masse 41.2 kg. Comportement physique atypique, classification incertaine. Matériau mélangé à d'autres déchets.",-0.26320938324904153,-0.15731237188192845,0.08928309564329509,False,False,False,False,True
0.379596768526444,-0.050334365244613134,1.677027392872463,-0.03086350340708176,0.35910190411356563,1.6506117461573033,,"Déchet non catégorisé collecté via la collecte citoyenne. Poids non mesuré kg, volume 138.5 L. Caractéristiques ambiguës. Nécessite analyse complémentaire.",0.07213920542053909,0.5676603481580608,0.6025301860317556,False,True,False,False,False
1.1154236200444567,1.1707229805593564,-0.5499211374365451,-0.19755873631291695,1.3304143068319114,-0.304183656060437,,"Lot de déchets non identifiés lors d'une collecte citoyenne. Masse 148.8 kg. Comportement physique atypique, classification incertaine. Conditionnement non conforme au protocole.",-0.1290372582633747,-0.7653532438598909,1.2011221920695958,False,True,False,False,False
-0.7608953433606407,-0.6873635748750954,-0.5499211374365451,-0.03086350340708176,-1.2597521004170107,-0.7979132177918316,,"Déchet non catégorisé collecté au Centre de Tri. Poids 20.5 kg, volume 53.0 L. Caractéristiques ambiguës. Nécessite analyse complémentaire.",-0.22511412725901273,-0.591627294304311,-0.6651828756636649,True,False,False,False,False
-0.33250749626718695,-0.34564147997206485,0.8771917585798327,-0.03086350340708176,1.3304143068319114,1.0208345184580103,,"Déchet non catégorisé collecté via la collecte citoyenne. Poids 49.8 kg, volume 98.9 L. Caractéristiques ambiguës. Nécessite analyse complémentaire.",-0.1181858299743964,1.3602459147438968,0.09160477085781842,False,True,False,False,False
-0.8206523058103463,-0.9866495406931451,-0.5499211374365451,-0.10583940835433814,-0.6122104986047802,-0.7090364402845487,,"Matériau inconnu provenant de l'Usine A. Poids 16.5 kg, volume 12.9 L. Propriétés mixtes. Orientation vers tri manuel.",0.5951042984831284,-0.15731240357409823,-1.4854130576178035,False,False,True,False,False
-0.8724134118962446,-0.8286623342061393,-0.5499211374365451,-0.03086350340708176,-1.583522901323126,-0.8526674764163261,,"Lot de déchets non identifiés au Centre de Tri. Masse 12.9 kg. Comportement physique atypique, classification incertaine. Étiquetage absent sur le conteneur.",-0.23253608843211404,-0.5916273067788936,-1.1192081191612129,True,False,False,False,False
0.003401777794820709,0.1886987737017232,2.0724589390494312,-0.03086350340708176,1.3304143068319114,2.191444940900116,,Déchet inclassifiable détecté au centre de tri municipal. Masse estimée 72.8 kg. Agent de tri recommande contrôle visuel supplémentaire. Lot conforme aux standards de tri.,-0.18911003577853008,1.579947302876378,0.5552659166225112,True,False,False,False,False
-0.2498385700664384,-0.29533886451817465,1.8836419779240159,-0.03086350340708176,0.35910190411356563,1.4454140411706007,,"Déchet non catégorisé collecté à l'Usine B. Poids 55.5 kg, volume 105.6 L. Caractéristiques ambiguës. Nécessite analyse complémentaire.",-0.09863209873519299,1.5799472917044994,0.1786139872773099,False,False,False,True,False
1.0348007314426795,1.1534664728179296,-0.5499211374365451,-0.18886956491121967,1.006643505925796,-0.32793467623962613,,"Déchet non catégorisé collecté provenant de l'Usine A. Poids 143.3 kg, volume 300.1 L. Caractéristiques ambiguës. Nécessite analyse complémentaire.",-0.1424159247441064,-0.7653532439272503,1.1783332402172602,False,False,True,False,False
-0.7927311112876969,-0.7955883515960371,-0.5499211374365451,-0.03086350340708176,-0.9359812995108955,-0.8135442621013095,,"Déchet non catégorisé collecté issu de la collecte citoyenne. Poids 18.4 kg, volume -10.7 L. Caractéristiques ambiguës. Nécessite analyse complémentaire.",-0.14276634735724716,-0.5916272968094196,-0.8817086893364311,False,True,False,False,False
-0.8545496294077467,-0.8969759883882962,-0.5499211374365451,-0.03086350340708176,-1.2597521004170107,-0.8438965375072234,,"Matériau inconnu depuis l'Usine B. Poids 14.1 kg, volume 24.9 L. Propriétés mixtes. Orientation vers tri manuel.",-0.05912068750260132,-0.5916273038759877,-1.2309592971848207,False,False,False,True,False
-0.6791357477118576,-0.6913897865389026,-0.5499211374365451,-0.03086350340708176,-0.9359812995108955,-0.7577700723448824,,"Matériau inconnu depuis l'Usine B. Poids 26.1 kg, volume 52.5 L. Propriétés mixtes. Orientation vers tri manuel.",-0.12364688241519078,-0.5916272897824671,-0.5497015921483691,False,False,False,True,False
-0.5972771434591252,-0.533508311157539,-0.5499211374365451,9.847609253667422,-0.9359812995108955,-0.48968648972900436,,Déchet inclassifiable détecté depuis le Centre de Tri. Masse estimée 31.7 kg. Agent de tri recommande contrôle visuel supplémentaire. Traces d'humidité détectées.,-0.1854255598629575,-0.15731237817270266,-0.2823755829850336,True,False,False,False,False
-0.4409356302731588,-0.36489897824132955,-0.5499211374365451,-0.1334120759422995,-0.2884396976986649,-0.33616224457053984,,"Matériau inconnu depuis le Centre de Tri. Poids 42.4 kg, volume 96.3 L. Propriétés mixtes. Orientation vers tri manuel.",-0.17645069796337148,-0.15731237127396575,-0.0024542266967065964,True,False,False,False,False
-0.5928022331851283,-0.5976923011037036,-0.5499211374365451,-0.1327151053222038,-0.6122104986047802,-0.48529221716526105,,"Déchet inclassifiable détecté en provenance de l'Usine A. Masse estimée 32.0 kg. Agent de tri recommande contrôle visuel supplémentaire. État dégradé, recyclage partiel possible.",-0.1287337028500309,-0.15731237791125155,-0.33991858925267576,False,False,True,False,False
-0.9285280983816728,-0.853795943890753,-0.5499211374365451,-0.03086350340708176,-0.9359812995108955,-0.8802192274177761,,Déchet inclassifiable détecté au Centre de Tri. Masse estimée 9.1 kg. Agent de tri recommande contrôle visuel supplémentaire. Acheminement prioritaire demandé.,-0.3090435348624492,-0.591627320973727,-1.3475777776520728,True,False,False,False,False
0.0352085300006557,-0.00046447789810434597,1.85107921167241,-0.03086350340708176,1.3304143068319114,2.285145728179847,,"Matériau inconnu depuis le Centre de Tri. Poids 75.0 kg, volume 145.2 L. Propriétés mixtes. Orientation vers tri manuel.",-0.10685105490393652,1.5799473039148286,0.48920526881530235,True,False,False,False,False
1.2766587699577612,1.3411087491689917,-0.5499211374365451,-0.19316442928827968,0.6828727050196809,-0.26937563132911013,,"Matériau inconnu à l'Usine A. Poids non mesuré kg, volume 325.3 L. Propriétés mixtes. Orientation vers tri manuel.",-0.12968994654143434,-0.7701546004808439,1.2735363672346198,False,False,True,False,False
-0.8172754488948634,-0.8951033136794807,-0.5499211374365451,-0.03086350340708176,-1.2597521004170107,-0.825595286897176,,Déchet inclassifiable détecté à l'Usine B. Masse estimée 16.7 kg. Agent de tri recommande contrôle visuel supplémentaire. Légère contamination observée.,0.028744338515076098,-0.5916272991867748,-1.1430404328394235,False,False,False,True,False
-0.7948307745477691,-0.9122365138463318,-0.5499211374365451,-0.14621502524964494,-0.6122104986047802,-0.6836802120177323,,"Lot de déchets non identifiés issu de la collecte citoyenne. Masse 18.2 kg. Comportement physique atypique, classification incertaine. Légère contamination observée.",0.15182100791426847,-0.1573123984618671,-1.1470346289282272,False,True,False,False,False
2.660234649935842,-0.3108141631446879,1.665112319914633,-0.03086350340708176,0.35910190411356563,1.9454591079611885,,Déchet inclassifiable détecté lors d'une collecte citoyenne. Masse estimée 670.8 kg. Agent de tri recommande contrôle visuel supplémentaire. Poids anormalement élevé pour cette catégorie.,1.6751651338247249,-0.33882166052583035,0.9325801850455857,False,True,False,False,False
-0.21861270908919253,-0.25607736896212113,-0.5499211374365451,-0.11588371608025042,-0.9359812995108955,-0.1178455738370688,,Déchet inclassifiable détecté provenant de l'Usine A. Masse estimée 57.6 kg. Agent de tri recommande contrôle visuel supplémentaire. Acheminement prioritaire demandé.,-0.10387289472620162,-0.15731236587133987,0.2219663587174657,False,False,True,False,False
-0.7607284902432808,-0.4329440604381539,-0.5499211374365451,-0.17165490628457017,-0.6122104986047802,-0.6501924495589009,,"Lot de déchets non identifiés en provenance de l'Usine B. Masse 20.6 kg. Comportement physique atypique, classification incertaine. Acheminement prioritaire demandé.",-0.3643884604870858,-0.15731239305568412,-0.4156872036936303,False,False,False,True,False
-0.4240397715931918,-0.8373995099232151,-0.5499211374365451,-0.1300472736684018,-0.6122104986047802,-0.31957084861123003,,"Matériau inconnu lors d'une collecte citoyenne. Poids 43.6 kg, volume 32.9 L. Propriétés mixtes. Orientation vers tri manuel.",0.6358775365735516,-0.15731237073105325,-0.5277738889382455,False,True,False,False,False
-0.6498579153252313,-0.7287250781990298,-0.5499211374365451,-0.13773458103478786,-0.9359812995108955,-0.5413197581174928,,"Matériau inconnu à l'emplacement non spécifié. Poids 28.1 kg, volume 47.5 L. Propriétés mixtes. Orientation vers tri manuel.",-0.03665346935555078,-0.15731238167067263,-0.5630147001142737,False,False,False,False,True
-0.4931723111603231,-0.6452702135862084,-0.5499211374365451,-0.14092610025359345,-0.6122104986047802,-0.3874576224862332,,"Déchet non catégorisé collecté lors d'une collecte citoyenne. Poids 38.8 kg, volume 58.7 L. Caractéristiques ambiguës. Nécessite analyse complémentaire.",0.027091693262307107,-0.15731237315668545,-0.2950632463186567,False,True,False,False,False
1.3838152419713599,-0.7652772293560979,-0.5499211374365451,-0.03086350340708176,-0.9359812995108955,-0.8254112982417398,,"Lot de déchets non identifiés depuis l'Usine B. Masse 167.1 kg. Comportement physique atypique, classification incertaine. Aucune anomalie signalée.",3.025613626088203,-0.9825107035525042,0.27587734888775883,False,False,False,True,False
-0.823098690255594,-0.7697479703273851,-0.5499211374365451,-0.03086350340708176,-0.9359812995108955,-0.828454440285369,,"Lot de déchets non identifiés au Centre de Tri. Masse 16.3 kg. Comportement physique atypique, classification incertaine. Volume surestimé, vérification recommandée.",-0.22441124062512977,-0.5916272998226814,-0.8985755032760616,True,False,False,False,False
-0.4880221771176568,-0.4160143859211048,-0.5499211374365451,-0.1741976921329456,-0.9359812995108955,-0.38240029366004513,,"Déchet non catégorisé collecté issu de la collecte citoyenne. Poids 39.2 kg, volume 89.4 L. Caractéristiques ambiguës. Nécessite analyse complémentaire.",-0.17847436873005845,-0.15731237295582093,-0.0790998892403035,False,True,False,False,False
1.5277625814952187,1.7782151461182212,-0.5499211374365451,-0.2121518882687241,1.006643505925796,-0.18271106727171135,,"Matériau inconnu au centre de tri municipal. Poids 177.0 kg, volume 383.9 L. Propriétés mixtes. Orientation vers tri manuel.",-0.15758430469496373,-0.7653532435809774,1.4078945924219923,True,False,False,False,False
-0.2067402617555731,0.053538934785671705,2.0415471166726307,-0.03086350340708176,0.6828727050196809,1.572379076551101,,Déchet inclassifiable détecté issu de la collecte citoyenne. Masse estimée 58.4 kg. Agent de tri recommande contrôle visuel supplémentaire. Acheminement prioritaire demandé.,-0.2290176409579313,1.57994729407329,0.3886025253731068,False,True,False,False,False
-0.14575638455593776,-0.22343220170263914,1.8130662453403092,-0.03086350340708176,0.35910190411356563,1.8193154517932975,,"Lot de déchets non identifiés en provenance de l'Usine A. Masse non mesuré kg. Comportement physique atypique, classification incertaine. Aucune anomalie signalée.",-0.08233061874561123,1.6449437584633466,0.2829872020325415,False,False,True,False,False
2.057236998230582,2.2711048827020077,-0.5499211374365451,-0.2059072910664661,1.006643505925796,-0.02673107481124795,,"Matériau inconnu à l'Usine A. Poids 213.2 kg, volume 450.1 L. Propriétés mixtes. Orientation vers tri manuel.",-0.14595798020136405,-0.7653532433309889,1.5809793621525023,False,False,True,False,False
-0.6608444468100291,-0.7500416073785934,-0.5499211374365451,-0.16922727369757523,-0.6122104986047802,-0.5521083127293889,,"Lot de déchets non identifiés sans localisation enregistrée. Masse 27.4 kg. Comportement physique atypique, classification incertaine. Matériau mélangé à d'autres déchets.",-0.017206508258003152,-0.15731238251754148,-0.6077374027450999,False,False,False,False,True
1.6113440563072619,1.4639791144837342,-0.5499211374365451,-0.2047952492018739,1.3304143068319114,-0.15808846531220447,,"Lot de déchets non identifiés à l'Usine B. Masse 182.7 kg. Comportement physique atypique, classification incertaine. Légère contamination observée.",-0.08998549867463433,-0.7653532435349313,1.3654584102303178,False,False,False,True,False
-0.2390643586756157,-0.18633844743444525,2.07005520895706,-0.03086350340708176,1.006643505925796,1.477154222724036,,Déchet inclassifiable détecté à l'Usine A. Masse estimée 56.2 kg. Agent de tri recommande contrôle visuel supplémentaire. Conditionnement non conforme au protocole.,-0.15167849762715582,1.5799472923199536,0.2502844755466236,False,False,True,False,False
-0.8648485424299869,-0.5836417999456124,-0.5499211374365451,-0.11575534425196334,-0.9359812995108955,-0.7159791220829643,,Déchet inclassifiable détecté en provenance de l'Usine B. Masse estimée non mesuré kg. Agent de tri recommande contrôle visuel supplémentaire. Étiquetage absent sur le conteneur.,-0.3966010788454478,0.006740435101457053,-0.7610825348750693,False,False,False,True,False
-0.8845220425754339,-1.0534416449627169,-0.5499211374365451,-0.03086350340708176,-0.9359812995108955,-0.8586126932274043,,"Lot de déchets non identifiés depuis l'Usine B. Masse 12.1 kg. Comportement physique atypique, classification incertaine. Conditionnement non conforme au protocole.",2.2753186778681496,-0.5916273090799554,-2.231643600373139,False,False,False,True,False
0.7156558155872634,0.6339730341863693,-0.5499211374365451,-0.19256038209359735,1.006643505925796,-0.4219528572800969,,"Lot de déchets non identifiés au centre de tri municipal. Masse 121.5 kg. Comportement physique atypique, classification incertaine. Acheminement prioritaire demandé.",-0.0966592340179348,-0.7653532442538755,0.9628364292823849,True,False,False,False,False
-0.7888808182250384,-0.8731968621951298,-0.5499211374365451,-0.03086350340708176,-1.583522901323126,-0.8116538066360985,,"Matériau inconnu en provenance de l'Usine A. Poids 18.6 kg, volume 28.1 L. Propriétés mixtes. Orientation vers tri manuel.",0.02838758399259013,-0.5916272964753357,-1.0325979794582774,False,False,True,False,False
-0.8510267939255848,-0.7226366246871688,-0.5499211374365451,-0.03086350340708176,-1.583522901323126,-0.8421668604457858,,"Matériau inconnu depuis le Centre de Tri. Poids 14.4 kg, volume 48.3 L. Propriétés mixtes. Orientation vers tri manuel.",-0.3074091196466713,-0.5916273033617095,-0.890704979354975,True,False,False,False,False
1.4726329720548574,-0.9141159934725035,2.0755422578416995,-0.15867096471211592,1.3304143068319114,-0.11414543027303845,,"Lot de déchets non identifiés via la collecte citoyenne. Masse non mesuré kg. Comportement physique atypique, classification incertaine. Acheminement prioritaire demandé.",6.462071923419402,-0.7357496335267152,-0.024019443295424367,False,True,False,False,False
1.3485253352138866,1.4881973126632158,-0.5499211374365451,-0.1902771047064949,1.006643505925796,-0.23551328668011348,,Déchet inclassifiable détecté provenant de l'Usine A. Masse estimée 164.7 kg. Agent de tri recommande contrôle visuel supplémentaire. Légère contamination observée.,-0.1424339327452957,-0.7653532436904898,1.3182816059581395,False,False,True,False,False
-0.940384469090514,-0.8328380814058519,-0.5499211374365451,-0.105734985480082,-0.6122104986047802,-0.8266110346081491,,Déchet inclassifiable détecté via la collecte citoyenne. Masse estimée non mesuré kg. Agent de tri recommande contrôle visuel supplémentaire. Lot conforme aux standards de tri.,-0.35409826554093277,-0.1573124557848284,-1.3504455702837326,False,True,False,False,False
-0.2285853226472163,-0.23307007805938448,1.581175138501474,-0.03086350340708176,0.6828727050196809,1.5080248353360826,,Déchet inclassifiable détecté en provenance de l'Usine B. Masse estimée 56.9 kg. Agent de tri recommande contrôle visuel supplémentaire. Odeur inhabituelle signalée par l'agent.,-0.1222883607819778,1.5799472929032707,0.2297704288334911,False,False,False,True,False
-0.11356777174131671,0.08281727958025675,1.8497134893648022,-0.03086350340708176,1.006643505925796,1.8468596525825975,,Déchet inclassifiable détecté en provenance de l'Usine B. Masse estimée 64.8 kg. Agent de tri recommande contrôle visuel supplémentaire. Matériau mélangé à d'autres déchets.,-0.20045880681598632,1.5799472984580503,0.4532691583204129,False,False,False,True,False
-0.7997751113798154,-0.7486872144615411,-0.5499211374365451,-0.03086350340708176,-1.2597521004170107,-0.8170027958426079,,"Déchet non catégorisé collecté en provenance de l'Usine B. Poids 17.9 kg, volume -12.1 L. Caractéristiques ambiguës. Nécessite analyse complémentaire.",-0.21422130897695846,-0.5916272974460648,-0.8191427845443101,False,False,False,True,False
1.2166741804729242,1.301221041382414,-0.5499211374365451,-0.19603194476327127,1.3304143068319114,-0.27435584728805656,,Déchet inclassifiable détecté en provenance de l'Usine B. Masse estimée 155.7 kg. Agent de tri recommande contrôle visuel supplémentaire. Poids anormalement élevé pour cette catégorie.,-0.13390960029664883,-0.7653532437820507,1.2521732039070739,False,False,False,True,False
-0.16500578339515828,-0.1819474222846614,1.9551164092009685,-0.03086350340708176,0.6828727050196809,1.6953263505693,,"Matériau inconnu en provenance de l'Usine A. Poids 61.3 kg, volume 120.9 L. Propriétés mixtes. Orientation vers tri manuel.",-0.11530157553835493,1.5799472961500431,0.2959879776716816,False,False,True,False,False
-0.6381215031771093,-0.4440379543485211,-0.5499211374365451,-0.10432107446959353,-0.9359812995108955,-0.5297948356628546,,"Lot de déchets non identifiés issu de la collecte citoyenne. Masse 28.9 kg. Comportement physique atypique, classification incertaine. Conditionnement non conforme au protocole.",-0.2707877434239733,-0.15731238081456378,-0.2528463086351253,False,True,False,False,False
0.2458723434739407,0.21320626370417384,1.9083253380663459,-0.03086350340708176,0.6828727050196809,2.905748707259739,,"Lot de déchets non identifiés en provenance de l'Usine A. Masse 89.4 kg. Comportement physique atypique, classification incertaine. Conditionnement non conforme au protocole.",-0.1089837131542694,1.5799473095170595,0.667753291822805,False,False,True,False,False
-0.8325322286158902,-0.7330940566343201,-0.5499211374365451,-0.12104535234502597,-0.6122104986047802,-0.5874750670916855,,Déchet inclassifiable détecté via la collecte citoyenne. Masse estimée non mesuré kg. Agent de tri recommande contrôle visuel supplémentaire. Lot conforme aux standards de tri.,-0.2744550578930793,0.3575527360175146,-0.8632753388282784,False,True,False,False,False
-0.8586937834081577,-1.0240922217004178,-0.5499211374365451,-0.03086350340708176,-1.583522901323126,-0.8459312757599379,,Déchet inclassifiable détecté depuis l'Usine B. Masse estimée 13.9 kg. Agent de tri recommande contrôle visuel supplémentaire. Conditionnement non conforme au protocole.,1.0450513774044843,-0.5916273045038483,-1.8182351623478692,False,False,False,True,False
-0.11117781808097568,-0.02212178016537289,1.6101766394373358,-0.03086350340708176,0.35910190411356563,1.8539003129457445,,"Lot de déchets non identifiés issu de la collecte citoyenne. Masse 65.0 kg. Comportement physique atypique, classification incertaine. Conditionnement non conforme au protocole.",-0.161746229147633,1.579947298559213,0.4071929944794179,False,True,False,False,False
1.8749638871681538,1.527299977084529,-0.5499211374365451,-0.21179927805817195,1.006643505925796,-0.08042764180415839,,Déchet inclassifiable détecté au Centre de Tri. Masse estimée 200.7 kg. Agent de tri recommande contrôle visuel supplémentaire. Traces d'humidité détectées.,-0.054648128572863365,-0.7653532434068724,1.424968523895773,True,False,False,False,False
1.4838530104760779,1.7324998771763742,-0.5499211374365451,-0.18665447055870105,0.6828727050196809,-0.08183228629245329,,"Lot de déchets non identifiés au centre de tri municipal. Masse non mesuré kg. Comportement physique atypique, classification incertaine. Poids anormalement élevé pour cette catégorie.",-0.15800506912357365,-0.7257989480484955,1.3912326220079965,True,False,False,False,False
-0.05389094529527189,0.15200770166783711,2.0535741231411873,-0.03086350340708176,0.35910190411356563,2.0226640095997355,,"Déchet non catégorisé collecté lors d'une collecte citoyenne. Poids 68.9 kg, volume 165.7 L. Caractéristiques ambiguës. Nécessite analyse complémentaire.",-0.19917281194597158,1.579947300840425,0.5128308410007337,False,True,False,False,False
0.029344336744519434,0.14834833660615532,1.6316131483151874,-0.03086350340708176,0.35910190411356563,2.2678701660191933,,"Lot de déchets non identifiés à l'Usine A. Masse 74.6 kg. Comportement physique atypique, classification incertaine. Traces d'humidité détectées.",-0.16640397880824034,1.5799473037279246,0.5511587212277641,False,False,True,False,False
0.9151779914423438,0.8340598380442786,-0.5499211374365451,-0.20628568097829417,0.6828727050196809,-0.36317481909373917,,"Matériau inconnu à l'Usine A. Poids 135.1 kg, volume 257.2 L. Propriétés mixtes. Orientation vers tri manuel.",-0.09852397446265138,-0.765353244037319,1.0715291493398438,False,False,True,False,False
-0.5006157038525574,-0.2980277284267032,1.6039475089477968,-0.03086350340708176,0.35910190411356563,0.7066396225990951,,"Lot de déchets non identifiés au centre de tri municipal. Masse 38.3 kg. Comportement physique atypique, classification incertaine. Traces d'humidité détectées.",-0.24652483857273247,1.5799472706984152,-0.008482508710406714,True,False,False,False,False
-0.6259639181047026,-0.6648402039579215,-0.5499211374365451,-0.1704334826901574,-0.2884396976986649,-0.5178563298037556,,"Déchet non catégorisé collecté provenant de l'Usine A. Poids 29.8 kg, volume 56.0 L. Caractéristiques ambiguës. Nécessite analyse complémentaire.",-0.09316114921282233,-0.1573123799763937,-0.45148142618011516,False,False,True,False,False
-0.24218451580761383,-0.19776275922148787,1.644838140995554,-0.03086350340708176,0.6828727050196809,1.4679624266609643,,Déchet inclassifiable détecté à l'Usine A. Masse estimée 56.0 kg. Agent de tri recommande contrôle visuel supplémentaire. Matériau mélangé à d'autres déchets.,-0.1477846377768559,1.5799472921433866,0.2419417982754367,False,False,True,False,False
1.944396302283214,1.6444398444069102,-0.5499211374365451,-0.1783796220514295,0.6828727050196809,-0.0599732681010151,,"Déchet non catégorisé collecté issu de la collecte citoyenne. Poids 205.5 kg, volume 366.0 L. Caractéristiques ambiguës. Nécessite analyse complémentaire.",-0.06534693182108471,-0.7653532433768813,1.4587188120746797,False,True,False,False,False
-0.5194432131422935,-0.3083505305967526,-0.5499211374365451,-0.12550408261648138,-0.2884396976986649,-0.4132551238294404,,"Matériau inconnu depuis l'Usine B. Poids 37.0 kg, volume 103.9 L. Propriétés mixtes. Orientation vers tri manuel.",-0.25344209667673817,-0.1573123742406991,-0.032253277427301885,False,False,False,True,False
-0.3916478663908626,-0.5642800975597257,-0.5499211374365451,-0.1518226466088526,-0.6122104986047802,-0.28776264428921555,,Déchet inclassifiable détecté via la collecte citoyenne. Masse estimée 45.8 kg. Agent de tri recommande contrôle visuel supplémentaire. Lot conforme aux standards de tri.,0.0237001424429405,-0.15731236976680227,-0.12739530619817,False,True,False,False,False
0.379596768526444,-0.050334365244613134,1.677027392872463,-0.03086350340708176,0.35910190411356563,1.6506117461573033,,"Matériau inconnu issu de la collecte citoyenne. Poids non mesuré kg, volume 138.5 L. Propriétés mixtes. Orientation vers tri manuel.",0.07213920542053909,0.5676603481580608,0.6025301860317556,False,True,False,False,False
-0.423240117955897,-0.2997003348945041,2.0764543165461857,-0.03086350340708176,0.6828727050196809,0.9345834650835052,,"Matériau inconnu via la collecte citoyenne. Poids 43.6 kg, volume 105.0 L. Propriétés mixtes. Orientation vers tri manuel.",-0.1995701398139814,1.579947278940735,0.05526986205082992,False,True,False,False,False
-0.6460344245852205,-0.5049379360104911,-0.5499211374365451,-0.10519099842107277,-0.6122104986047802,-0.5375651665328999,,Déchet inclassifiable détecté à l'Usine A. Masse estimée 28.4 kg. Agent de tri recommande contrôle visuel supplémentaire. Étiquetage absent sur le conteneur.,-0.24448743343973975,-0.15731238138645628,-0.3125839640688357,False,False,True,False,False
0.19584821944886935,0.20929748682630359,1.8498354365570817,-0.03086350340708176,0.6828727050196809,2.758380633531414,,Déchet inclassifiable détecté en provenance de l'Usine A. Masse estimée 85.9 kg. Agent de tri recommande contrôle visuel supplémentaire. Légère contamination observée.,-0.1256701944460062,1.5799473083567273,0.6466658465891603,False,False,True,False,False
-0.6326976305410574,-0.5130894765546251,-0.5499211374365451,-0.14309031427214228,-0.9359812995108955,-0.5244687010021579,,"Matériau inconnu lors d'une collecte citoyenne. Poids 29.3 kg, volume 76.4 L. Propriétés mixtes. Orientation vers tri manuel.",-0.22871249241772273,-0.15731238043475698,-0.30386625154706376,False,True,False,False,False
-0.8147029412385799,-0.7038689056067327,-0.5499211374365451,-0.16424538651931925,-0.9359812995108955,-0.7031942830325175,,Déchet inclassifiable détecté issu de la collecte citoyenne. Masse estimée 16.9 kg. Agent de tri recommande contrôle visuel supplémentaire. Aucune anomalie signalée.,-0.2760869549486797,-0.15731240230135185,-0.7854376458934776,False,True,False,False,False
1.0601450258429164,0.7632831384807056,-0.5499211374365451,-0.18110429602654707,1.3304143068319114,-0.32046839888133694,,"Lot de déchets non identifiés au Centre de Tri. Masse 145.0 kg. Comportement physique atypique, classification incertaine. Odeur inhabituelle signalée par l'agent.",-0.04328549718010905,-0.7653532439055238,1.088157063349526,True,False,False,False,False
-0.4610322159917817,-0.6338059804640621,1.6420331853364871,-0.03086350340708176,1.006643505925796,0.8232502074154833,,"Lot de déchets non identifiés lors d'une collecte citoyenne. Masse 41.0 kg. Comportement physique atypique, classification incertaine. Aucune anomalie signalée.",0.04506481181773748,1.5799472751804031,-0.25449339842478885,False,True,False,False,False
-0.8260637715664995,-0.9431216913577648,-0.5499211374365451,-0.03086350340708176,-0.9359812995108955,-0.829910265615487,,"Matériau inconnu au Centre de Tri. Poids 16.1 kg, volume non mesuré L. Propriétés mixtes. Orientation vers tri manuel.",0.20941684975855931,-0.591627300158563,-1.3095506619844106,True,False,False,False,False
1.2131137901182913,0.9911077901444562,-0.5499211374365451,-0.18919320382232666,1.006643505925796,-0.27540471696545504,,"Déchet inclassifiable détecté provenant de l'Usine A. Masse estimée 155.5 kg. Agent de tri recommande contrôle visuel supplémentaire. État dégradé, recyclage partiel possible.",-0.0678535305356517,-0.7653532437846704,1.1814696385005903,False,False,True,False,False
-0.8084559548649511,-0.9707407874255354,-0.5499211374365451,-0.03086350340708176,-1.583522901323126,-0.821265003353063,,"Déchet inclassifiable détecté provenant de l'Usine A. Masse estimée 17.3 kg. Agent de tri recommande contrôle visuel supplémentaire. Volume surestimé, vérification recommandée.",0.47864861243970347,-0.5916272982794206,-1.3839588958642344,False,False,True,False,False
-0.10457139673966528,0.1483330982294289,1.816873734026747,-0.03086350340708176,1.006643505925796,1.8733624345976625,,"Déchet non catégorisé collecté en provenance de l'Usine A. Poids non mesuré kg, volume 165.2 L. Caractéristiques ambiguës. Nécessite analyse complémentaire.",-0.21729436851112222,1.5799472988362195,0.4854467450868415,False,False,True,False,False
-0.5894542942590443,-0.4765292851813132,-0.5499211374365451,-0.13319242685396043,-0.2884396976986649,-0.4820046079692806,,Déchet inclassifiable détecté à l'emplacement non spécifié. Masse estimée 32.3 kg. Agent de tri recommande contrôle visuel supplémentaire. Étiquetage absent sur le conteneur.,-0.2165827302727552,-0.157312377718887,-0.224468724803407,False,False,False,False,True
1.7822418220345377,1.8638287281492576,-0.5499211374365451,-0.20128246099963742,1.006643505925796,-0.10774300693480039,,"Lot de déchets non identifiés au Centre de Tri. Masse 194.4 kg. Comportement physique atypique, classification incertaine. Odeur inhabituelle signalée par l'agent.",-0.129485036209642,-0.7653532434492073,1.46971793729516,True,False,False,False,False
2.136876162286211,2.109070939906128,-0.5499211374365451,-0.2083131647533668,1.3304143068319114,-0.003269853992408303,,"Matériau inconnu à l'Usine A. Poids 218.6 kg, volume 428.3 L. Propriétés mixtes. Orientation vers tri manuel.",-0.11220085217957723,-0.7653532433005489,1.5687850440727649,False,False,True,False,False
-0.8766030919451349,-0.7523043256978224,-0.5499211374365451,-0.03086350340708176,-1.2597521004170107,-0.8547245675044629,,"Lot de déchets non identifiés au Centre de Tri. Masse 12.6 kg. Comportement physique atypique, classification incertaine. Poids anormalement élevé pour cette catégorie.",-0.31906583969155766,-0.591627307540965,-0.9987245264681681,True,False,False,False,False
-0.17092722208035444,-0.7112190520838164,-0.5499211374365451,-0.16993473618375043,-0.6122104986047802,-0.690050680058371,,"Lot de déchets non identifiés à l'Usine B. Masse non mesuré kg. Comportement physique atypique, classification incertaine. Légère contamination observée.",0.5411931092027678,-0.7722229794890495,-0.151804374624319,False,False,False,True,False
-0.9558405684157524,-0.8845569280899073,-0.5499211374365451,-0.03086350340708176,-1.583522901323126,-0.8936293776074048,,"Lot de déchets non identifiés à l'Usine A. Masse 7.2 kg. Comportement physique atypique, classification incertaine. Aucune anomalie signalée.",-0.3313390926571002,-0.5916273333418491,-1.5346714400762496,False,False,True,False,False
-0.8390643026146486,-0.8542275248924157,-0.5499211374365451,-0.03086350340708176,-1.2597521004170107,-0.8362933966059495,,"Lot de déchets non identifiés au centre de tri municipal. Masse 15.2 kg. Comportement physique atypique, classification incertaine. État dégradé, recyclage partiel possible.",-0.12513842741152406,-0.5916273017369906,-1.0910275553616344,True,False,False,False,False
1.77394437513495,1.7684390336040703,-0.5499211374365451,-0.2121480884964371,1.3304143068319114,-0.11018738510290661,,"Matériau inconnu en provenance de l'Usine B. Poids 193.8 kg, volume 382.6 L. Propriétés mixtes. Orientation vers tri manuel.",-0.1157402989885227,-0.7653532434531306,1.451741402900614,False,False,False,True,False
-0.4931723111603231,-0.6452702135862084,-0.5499211374365451,-0.14092610025359345,-0.6122104986047802,-0.3874576224862332,,"Lot de déchets non identifiés issu de la collecte citoyenne. Masse 38.8 kg. Comportement physique atypique, classification incertaine. Étiquetage absent sur le conteneur.",0.027091693262307107,-0.15731237315668545,-0.2950632463186567,False,True,False,False,False
-0.9356271105197815,-0.8242614594905897,-0.5499211374365451,-0.03086350340708176,-1.583522901323126,-0.8837047715245979,,Déchet inclassifiable détecté en provenance de l'Usine B. Masse estimée 8.6 kg. Agent de tri recommande contrôle visuel supplémentaire. Étiquetage absent sur le conteneur.,-0.35301508821690175,-0.591627323671883,-1.3142819157991747,False,False,False,True,False
-0.8104550183188942,-0.7905196632489336,-0.5499211374365451,-0.03086350340708176,-1.583522901323126,-0.8222465235569304,,"Matériau inconnu issu de la collecte citoyenne. Poids 17.2 kg, volume 39.2 L. Propriétés mixtes. Orientation vers tri manuel.",-0.1787776935856048,-0.5916272984794961,-0.9071170152128374,False,True,False,False,False
-0.8939725059773982,-1.01156068085743,-0.5499211374365451,-0.03086350340708176,-1.583522901323126,-0.8632527764356895,,Déchet inclassifiable détecté provenant de l'Usine A. Masse estimée 11.4 kg. Agent de tri recommande contrôle visuel supplémentaire. Poids anormalement élevé pour cette catégorie.,0.5245509738485399,-0.5916273111070933,-1.8165146301297348,False,False,True,False,False
1.9629652092097511,1.742200390239378,-0.5499211374365451,-0.19794701295732223,0.6828727050196809,-0.054502979318681394,,"Lot de déchets non identifiés depuis le Centre de Tri. Masse 206.7 kg. Comportement physique atypique, classification incertaine. Acheminement prioritaire demandé.",-0.08011718384174388,-0.7653532433690939,1.4794782283009187,True,False,False,False,False
-0.7494208955333602,-0.6812527763762221,-0.5499211374365451,-0.03086350340708176,-0.9359812995108955,-0.7922793784314627,,"Lot de déchets non identifiés issu de la collecte citoyenne. Masse 21.3 kg. Comportement physique atypique, classification incertaine. État dégradé, recyclage partiel possible.",-0.21715532936576443,-0.5916272935267393,-0.6387088920240388,False,True,False,False,False
0.059481208353884124,-0.04619200043023642,1.6466925015834908,-0.03086350340708176,0.35910190411356563,2.356651585061014,,"Lot de déchets non identifiés à l'Usine B. Masse 76.6 kg. Comportement physique atypique, classification incertaine. Volume surestimé, vérification recommandée.",-0.07497259724089655,1.5799473046676533,0.47852553165114176,False,False,False,True,False
-0.2390643586756157,-0.18633844743444525,2.07005520895706,-0.03086350340708176,1.006643505925796,1.477154222724036,,"Déchet non catégorisé collecté provenant de l'Usine A. Poids 56.2 kg, volume 120.3 L. Caractéristiques ambiguës. Nécessite analyse complémentaire.",-0.15167849762715582,1.5799472923199536,0.2502844755466236,False,False,True,False,False
1.5231966056561599,1.4155447632563007,-0.5499211374365451,-0.18613248466997828,0.6828727050196809,-0.18405617641096378,,Déchet inclassifiable détecté au Centre de Tri. Masse estimée 176.7 kg. Agent de tri recommande contrôle visuel supplémentaire. Légère contamination observée.,-0.09697181368200639,-0.7653532435835786,1.3390013572364403,True,False,False,False,False
1.1170545141295076,1.3322309233934337,-0.5499211374365451,-0.17810359597987385,1.006643505925796,-0.30370320442944315,,Déchet inclassifiable détecté depuis le Centre de Tri. Masse estimée 148.9 kg. Agent de tri recommande contrôle visuel supplémentaire. Conditionnement non conforme au protocole.,-0.158948536777955,-0.7653532438585797,1.236226455752261,True,False,False,False,False
-0.8923481732362041,-0.9195300933395171,-0.5499211374365451,-0.03086350340708176,-0.9359812995108955,-0.8624552452717135,,"Déchet non catégorisé collecté au centre de tri municipal. Poids 11.6 kg, volume 21.9 L. Caractéristiques ambiguës. Nécessite analyse complémentaire.",-0.09541026848569281,-0.5916273107425443,-1.3966751462166638,True,False,False,False,False
-0.40728276728337937,-0.44730592156644566,-0.5499211374365451,-0.11193395686967153,-0.9359812995108955,-0.30311580487168904,,Déchet inclassifiable détecté lors d'une collecte citoyenne. Masse estimée 44.7 kg. Agent de tri recommande contrôle visuel supplémentaire. Aucune anomalie signalée.,-0.09918017076037296,-0.15731237022030353,-0.03715160904974321,False,True,False,False,False
-0.4340835488609239,-0.506419110883714,-0.5499211374365451,-0.16228117048852636,-0.6122104986047802,-0.3294336374006296,,"Matériau inconnu lors d'une collecte citoyenne. Poids 42.9 kg, volume 77.3 L. Propriétés mixtes. Orientation vers tri manuel.",-0.07150105095026066,-0.15731237105026355,-0.10712876699444607,False,True,False,False,False
-0.451150340050251,-0.44325214759210285,1.9471477389420127,-0.03086350340708176,1.3304143068319114,0.8523616221720072,,Déchet inclassifiable détecté issu de la collecte citoyenne. Masse estimée non mesuré kg. Agent de tri recommande contrôle visuel supplémentaire. Odeur inhabituelle signalée par l'agent.,-0.13433908299009295,1.5799472762086217,-0.06877427106331518,False,True,False,False,False
-0.6069840024292354,-0.689498309940435,-0.5499211374365451,-0.11081472767910674,-0.2884396976986649,-0.49921843147548883,,"Matériau inconnu issu de la collecte citoyenne. Poids 31.1 kg, volume 52.7 L. Propriétés mixtes. Orientation vers tri manuel.",-0.0399537318589,-0.15731237875753465,-0.4606080497792582,False,True,False,False,False
1.6075934730836343,1.5162509326933542,-0.5499211374365451,-0.18226966646526221,1.006643505925796,-0.15919336466985584,,"Matériau inconnu provenant de l'Usine A. Poids 182.4 kg, volume 348.8 L. Propriétés mixtes. Orientation vers tri manuel.",-0.10053634209884027,-0.7653532435369358,1.374947504582114,False,False,True,False,False
-0.19138381863183923,-0.8492124321170071,-0.5499211374365451,-0.03086350340708176,-1.583522901323126,-0.697166012189946,,Déchet inclassifiable détecté lors d'une collecte citoyenne. Masse estimée -99.0 kg. Agent de tri recommande contrôle visuel supplémentaire. Poids anormalement élevé pour cette catégorie.,1.1641795379412085,-0.7734916278542608,-0.39654419123871393,False,True,False,False,False
-0.7945595044993611,-0.6979482631996156,-0.5499211374365451,-0.03086350340708176,-1.583522901323126,-0.8144419849196236,,"Déchet non catégorisé collecté au centre de tri municipal. Poids 18.2 kg, volume 51.6 L. Caractéristiques ambiguës. Nécessite analyse complémentaire.",-0.25627456757274675,-0.5916272969714423,-0.7383331313107216,True,False,False,False,False
-0.685317579831876,-0.6116075257476643,-0.5499211374365451,-0.10691845234657057,-0.2884396976986649,-0.5761404408396791,,"Déchet non catégorisé collecté depuis le Centre de Tri. Poids 25.7 kg, volume 63.2 L. Caractéristiques ambiguës. Nécessite analyse complémentaire.",-0.20728343066589472,-0.1573123845818469,-0.46478954292446967,True,False,False,False,False
-0.9645368058348834,-1.0286912913654975,-0.5499211374365451,-0.10747508265142758,-0.6122104986047802,-0.8866455926028004,,Déchet inclassifiable détecté depuis le Centre de Tri. Masse estimée 4.1 kg. Agent de tri recommande contrôle visuel supplémentaire. Acheminement prioritaire demandé.,0.2626646286316994,-0.48888439270010514,-2.2240366347558207,True,False,False,False,False
-0.4580177179478625,-0.3777044742366053,1.74814944576762,-0.03086350340708176,0.6828727050196809,0.832130738132373,,"Matériau inconnu au centre de tri municipal. Poids 41.2 kg, volume 94.6 L. Propriétés mixtes. Orientation vers tri manuel.",-0.18043865251228988,1.5799472754976336,-0.025486835132491222,True,False,False,False,False
-0.6348899379547175,-0.7481333976044768,-0.5499211374365451,-0.1570483382463508,-0.9359812995108955,-0.5266215031209216,,"Matériau inconnu depuis le Centre de Tri. Poids 29.2 kg, volume 44.9 L. Propriétés mixtes. Orientation vers tri manuel.",0.0158932600604388,-0.15731238058711042,-0.5733986214558814,True,False,False,False,False
-0.02061275650741427,0.18112834370885825,1.869355752258461,-0.03086350340708176,0.6828727050196809,2.1206995609344523,,Déchet inclassifiable détecté lors d'une collecte citoyenne. Masse estimée 71.1 kg. Agent de tri recommande contrôle visuel supplémentaire. Étiquetage absent sur le conteneur.,-0.1956523207505188,1.5799473020502832,0.5408271790808791,False,True,False,False,False
-0.19987909518484095,-0.2409392342033709,1.5855084987891204,-0.03086350340708176,1.006643505925796,1.5925916623937082,,"Lot de déchets non identifiés en provenance de l'Usine B. Masse 58.9 kg. Comportement physique atypique, classification incertaine. Aucune anomalie signalée.",-0.102042060306868,1.5799472944285287,0.24209884105097587,False,False,False,True,False
-0.4883964108631589,-0.6019651620960903,-0.5499211374365451,-0.13747559297440212,-0.6122104986047802,-0.3827677837279115,,Déchet inclassifiable détecté lors d'une collecte citoyenne. Masse estimée 39.2 kg. Agent de tri recommande contrôle visuel supplémentaire. Aucune anomalie signalée.,-0.023064651277808924,-0.15731237297029518,-0.2434998784963596,False,True,False,False,False
2.0016705864823323,1.887621041738001,-0.5499211374365451,-0.2121518882687241,0.6828727050196809,-0.04310060695783873,,"Lot de déchets non identifiés en provenance de l'Usine A. Masse 209.4 kg. Comportement physique atypique, classification incertaine. Matériau mélangé à d'autres déchets.",-0.09854367007804768,-0.7653532433531652,1.5110414943857684,False,False,True,False,False
-0.7633890970623158,-0.551402763351845,-0.5499211374365451,-0.03086350340708176,-1.583522901323126,-0.7991376259699888,,"Déchet inclassifiable détecté lors d'une collecte citoyenne. Masse estimée 20.4 kg. Agent de tri recommande contrôle visuel supplémentaire. État dégradé, recyclage partiel possible.",-0.3184205174713259,-0.5916272944812218,-0.5211014859651698,False,True,False,False,False
1.4813885978173753,1.5911848709565415,-0.02482845838089619,-0.19449208233589435,1.3304143068319114,-0.19637256515678672,,"Lot de déchets non identifiés lors d'une collecte citoyenne. Masse 173.8 kg. Comportement physique atypique, classification incertaine. Aucune anomalie signalée.",-0.13608101131600644,-0.7653532436078311,1.364908473821709,False,True,False,False,False
-0.8697253027631117,-0.8376647515241207,-0.5499211374365451,-0.03086350340708176,-1.2597521004170107,-0.851347641661123,,"Déchet non catégorisé collecté à l'Usine A. Poids 13.1 kg, volume 32.8 L. Caractéristiques ambiguës. Nécessite analyse complémentaire.",-0.2145830240673036,-0.5916273063074889,-1.1302195432414777,False,False,True,False,False
-0.7789476432446721,-0.7403933620022008,-0.5499211374365451,-0.14219783426151533,-0.6122104986047802,-0.6680832941270871,,Déchet inclassifiable détecté via la collecte citoyenne. Masse estimée 19.3 kg. Agent de tri recommande contrôle visuel supplémentaire. Poids anormalement élevé pour cette catégorie.,-0.19463030885418328,-0.15731239578153788,-0.7684652331000342,False,True,False,False,False
1.2586830357396968,1.5326889822699756,-0.5499211374365451,-0.19612678547118012,0.6828727050196809,-0.2619802900927052,,Déchet inclassifiable détecté à l'Usine A. Masse estimée 158.6 kg. Agent de tri recommande contrôle visuel supplémentaire. Acheminement prioritaire demandé.,-0.16596433565956198,-0.7653532437517491,1.3078309015481953,False,False,True,False,False
-0.6017297824863684,-0.5285304434807822,-0.5499211374365451,-0.10956035891432377,-0.2884396976986649,-0.49405889237300044,,"Matériau inconnu à l'Usine B. Poids 31.4 kg, volume 74.3 L. Propriétés mixtes. Orientation vers tri manuel.",-0.19274050803541454,-0.15731237843790508,-0.2826822618006585,False,False,False,True,False
1.0912215552227424,1.1916192596822606,-0.5499211374365451,-0.20298109026096411,1.006643505925796,-0.3113134394250326,,"Lot de déchets non identifiés en provenance de l'Usine A. Masse 147.1 kg. Comportement physique atypique, classification incertaine. Matériau mélangé à d'autres déchets.",-0.13816814557790857,-0.7653532438795816,1.2001446636027533,False,False,True,False,False
1.742739753350542,1.8113446543186575,-0.5499211374365451,-0.2107202106871812,1.006643505925796,-0.11938007981453119,,"Matériau inconnu en provenance de l'Usine B. Poids 191.7 kg, volume 388.4 L. Propriétés mixtes. Orientation vers tri manuel.",-0.12768195909286237,-0.7653532434680935,1.4536835439337672,False,False,False,True,False
-0.8371120520236096,-0.928649749727127,-0.5499211374365451,-0.12801031848778446,-0.9359812995108955,-0.7251995825069562,,"Matériau inconnu via la collecte citoyenne. Poids 15.3 kg, volume 20.6 L. Propriétés mixtes. Orientation vers tri manuel.",0.10141856239818033,-0.1573124074471035,-1.2841646975377177,False,True,False,False,False
2.06565080293397,2.2116165486084363,-0.5499211374365451,-0.2025466111057164,1.3304143068319114,-0.024252418330940082,,"Déchet non catégorisé collecté en provenance de l'Usine B. Poids 213.7 kg, volume 442.1 L. Caractéristiques ambiguës. Nécessite analyse complémentaire.",-0.1369074575034297,-0.7653532433276996,1.5733521821512217,False,False,False,True,False
-0.010710156691005467,0.09748601598964046,1.6814544337043211,-0.03086350340708176,1.3304143068319114,2.316265334130156,,"Lot de déchets non identifiés au centre de tri municipal. Masse non mesuré kg. Comportement physique atypique, classification incertaine. Volume surestimé, vérification recommandée.",-0.16441286054773885,1.720029577077547,0.511221633187619,True,False,False,False,False
-0.8169716294791489,-0.5538260145106412,-0.5499211374365451,-0.03086350340708176,-1.583522901323126,-0.8254461145963854,,"Déchet non catégorisé collecté en provenance de l'Usine A. Poids 16.7 kg, volume 70.9 L. Caractéristiques ambiguës. Nécessite analyse complémentaire.",-0.36463283922612005,-0.5916272991544288,-0.6227421269176897,False,False,True,False,False
0.9925554777015454,1.2826691814487137,-0.5499211374365451,-0.19382414292046096,1.006643505925796,-0.3403798750098737,,Déchet inclassifiable détecté en provenance de l'Usine B. Masse estimée 140.4 kg. Agent de tri recommande contrôle visuel supplémentaire. Acheminement prioritaire demandé.,-0.17472789890571316,-0.7653532439646572,1.1963019213292845,False,False,False,True,False
1.3446993802900868,1.5014815289750671,-0.5499211374365451,-0.18392913133599303,0.6828727050196809,-0.23664039008927895,,"Lot de déchets non identifiés provenant de l'Usine A. Masse 164.5 kg. Comportement physique atypique, classification incertaine. Aucune anomalie signalée.",-0.1453810263310104,-0.7653532436930053,1.3200702900374321,False,False,True,False,False
-0.7996171405823416,-1.0561709142775468,-0.5499211374365451,-0.13829317666932675,-0.9359812995108955,-0.6883803279212787,,"Lot de déchets non identifiés lors d'une collecte citoyenne. Masse 17.9 kg. Comportement physique atypique, classification incertaine. Acheminement prioritaire demandé.",4.085851556405696,-0.15731239933334998,-2.0872871397276116,False,True,False,False,False
-0.18640840516672028,-0.034005459529105594,1.9713754602611977,-0.03086350340708176,1.006643505925796,1.6322755085069731,,"Matériau inconnu depuis l'Usine B. Poids 59.8 kg, volume 140.7 L. Propriétés mixtes. Orientation vers tri manuel.",-0.19055907828258073,1.579947295109772,0.3601674702932215,False,False,False,True,False
-0.6706916469669033,-0.7544986754230157,-0.5499211374365451,-0.1650994712718867,-0.6122104986047802,-0.5617780667198738,,"Déchet non catégorisé collecté issu de la collecte citoyenne. Poids 26.7 kg, volume 44.0 L. Caractéristiques ambiguës. Nécessite analyse complémentaire.",-0.023590507114015793,-0.1573123833170601,-0.6269801545867069,False,True,False,False,False
-0.8747019169890289,-0.5916402573500192,-0.5499211374365451,-0.03086350340708176,-1.583522901323126,-0.7465399950628177,,"Déchet non catégorisé collecté au centre de tri municipal. Poids -99.0 kg, volume 65.9 L. Caractéristiques ambiguës. Nécessite analyse complémentaire.",-0.40298778218728193,-0.0835421342260227,-0.7949513410258832,True,False,False,False,False
0.09066219660944408,0.15372464212992212,2.0783636886998265,-0.03086350340708176,1.3304143068319114,2.4485089092165437,,"Lot de déchets non identifiés sans localisation enregistrée. Masse 78.7 kg. Comportement physique atypique, classification incertaine. Aucune anomalie signalée.",-0.1450043703031346,1.5799473055881925,0.5807797685174406,False,False,False,False,True
-0.35757222293383484,-0.3685847021416213,-0.5499211374365451,-0.16941246957070621,-0.6122104986047802,-0.25430104261080266,,"Déchet non catégorisé collecté au Centre de Tri. Poids 48.1 kg, volume 95.8 L. Caractéristiques ambiguës. Nécessite analyse complémentaire.",-0.11973624280556242,-0.1573123688482206,0.05818781811728597,True,False,False,False,False
1.8239322949306866,1.5952514706510244,-0.5499211374365451,-0.19638095843024603,1.3304143068319114,-0.09546124327923024,,"Matériau inconnu à l'Usine A. Poids 197.2 kg, volume 359.4 L. Propriétés mixtes. Orientation vers tri manuel.",-0.07691878526290323,-0.7653532434298357,1.4290684764701052,False,False,True,False,False
-0.529995558962139,-0.39617440179054364,-0.5499211374365451,-0.15729733444450783,-0.6122104986047802,-0.4236173167852924,,"Matériau inconnu à l'Usine A. Poids 36.3 kg, volume 92.1 L. Propriétés mixtes. Orientation vers tri manuel.",-0.21872036798131156,-0.15731237470629011,-0.10251085187775233,False,False,True,False,False
1.6912121743623991,1.5311217648231477,-0.5499211374365451,-0.18030327221533557,1.006643505925796,-0.13455979601618015,,Déchet inclassifiable détecté lors d'une collecte citoyenne. Masse estimée 188.1 kg. Agent de tri recommande contrôle visuel supplémentaire. Odeur inhabituelle signalée par l'agent.,-0.08830437400664193,-0.7653532434935438,1.3932852953331856,False,True,False,False,False
-0.6083934050666029,-0.8444682659337615,-0.5499211374365451,-0.12084387923857932,-0.9359812995108955,-0.5006024367317818,,Déchet inclassifiable détecté à l'Usine B. Masse estimée 31.0 kg. Agent de tri recommande contrôle visuel supplémentaire. Légère contamination observée.,0.30962208383518686,-0.1573123788445336,-0.7135758189554697,False,False,False,True,False
1.6464762105908013,1.6753681329073604,-0.02482845838089619,-0.18096374505776402,1.3304143068319114,-0.14773874304600998,,"Lot de déchets non identifiés depuis l'Usine B. Masse 185.1 kg. Comportement physique atypique, classification incertaine. Poids anormalement élevé pour cette catégorie.",-0.12166021217706403,-0.7653532435164251,1.4120156142114046,False,False,False,True,False
0.25977214520560604,0.15308326981555578,1.8996447601483888,-0.03086350340708176,1.3304143068319114,2.905748707259739,,"Lot de déchets non identifiés à l'Usine B. Masse 90.3 kg. Comportement physique atypique, classification incertaine. Conditionnement non conforme au protocole.",-0.08075386066210646,1.5525317530962475,0.6492233296799058,False,False,False,True,False
-0.9236509172276784,-0.816756533381573,-0.5499211374365451,-0.03086350340708176,-1.2597521004170107,-0.8434876050846181,,"Déchet non catégorisé collecté au Centre de Tri. Poids 9.4 kg, volume -4.6 L. Caractéristiques ambiguës. Nécessite analyse complémentaire.",-0.33836738581755427,-0.3711685161017838,-1.2544745404593836,True,False,False,False,False
-0.6283933827421786,-0.8545482752886593,-0.5499211374365451,-0.1725128313959083,-0.6122104986047802,-0.5202420155823243,,"Déchet non catégorisé collecté via la collecte citoyenne. Poids 29.6 kg, volume 30.6 L. Caractéristiques ambiguës. Nécessite analyse complémentaire.",0.3079630337617364,-0.15731238014012336,-0.7578945618388888,False,True,False,False,False
1.1092464355003435,1.511606869348841,-0.5499211374365451,-0.18150898780892472,1.006643505925796,-0.16159317623603645,,"Déchet non catégorisé collecté lors d'une collecte citoyenne. Poids non mesuré kg, volume 348.1 L. Caractéristiques ambiguës. Nécessite analyse complémentaire.",-0.18953798998808785,-0.7065046562469084,1.2703718911485813,False,True,False,False,False
-0.2862527540780964,-0.02591425349129806,2.036651214224997,-0.03086350340708176,0.6828727050196809,1.3381400357028124,,"Matériau inconnu au Centre de Tri. Poids 53.0 kg, volume 141.8 L. Propriétés mixtes. Orientation vers tri manuel.",-0.23775387477664672,1.5799472894977926,0.30325150418061175,True,False,False,False,False
-0.8955680965880074,-0.8381532356607914,-0.5499211374365451,-0.03086350340708176,-1.583522901323126,-0.8640361955004148,,"Matériau inconnu provenant de l'Usine A. Poids 11.3 kg, volume 32.8 L. Propriétés mixtes. Orientation vers tri manuel.",-0.2633389911385755,-0.5916273114721442,-1.203680713343827,False,False,True,False,False
-0.7224841572974017,-0.9080017010971841,-0.5499211374365451,-0.03086350340708176,-1.2597521004170107,-0.7790537088046515,,"Déchet non catégorisé collecté via la collecte citoyenne. Poids 23.2 kg, volume 23.4 L. Caractéristiques ambiguës. Nécessite analyse complémentaire.",0.32805588868503843,-0.591627291908223,-1.014535861016284,False,True,False,False,False
-0.6608444468100291,-0.7500416073785934,-0.5499211374365451,-0.16922727369757523,-0.6122104986047802,-0.5521083127293889,,"Lot de déchets non identifiés issu de la collecte citoyenne. Masse 27.4 kg. Comportement physique atypique, classification incertaine. Poids anormalement élevé pour cette catégorie.",-0.017206508258003152,-0.15731238251754148,-0.6077374027450999,False,True,False,False,False
0.8325511428843965,0.7076202312029408,-0.5499211374365451,-0.18937298753033924,1.006643505925796,-0.3875161938754826,,"Déchet non catégorisé collecté à l'emplacement non spécifié. Poids 129.5 kg, volume 240.2 L. Caractéristiques ambiguës. Nécessite analyse complémentaire.",-0.08603862776473575,-0.7653532441214651,1.0158699056817042,False,False,False,False,True
-0.74408686707857,-0.5227725617359749,-0.5499211374365451,-0.03086350340708176,-0.9359812995108955,-0.7896604236974076,,"Lot de déchets non identifiés au centre de tri municipal. Masse 21.7 kg. Comportement physique atypique, classification incertaine. Légère contamination observée.",-0.31571820549484514,-0.5916272931844219,-0.46331414634813867,True,False,False,False,False
1.3496487046173866,1.8295631323202954,-0.5499211374365451,-0.20374387322089882,1.3304143068319114,-0.07306684016780894,,"Déchet inclassifiable détecté depuis le Centre de Tri. Masse estimée non mesuré kg. Agent de tri recommande contrôle visuel supplémentaire. État dégradé, recyclage partiel possible.",-0.1936602670113161,-0.7058766329231159,1.3810656028060149,True,False,False,False,False
-0.6153415666788654,-0.6624172064890296,-0.5499211374365451,-0.1505175496626409,-0.2884396976986649,-0.5074253927402274,,"Déchet non catégorisé collecté issu de la collecte citoyenne. Poids 30.5 kg, volume 56.4 L. Caractéristiques ambiguës. Nécessite analyse complémentaire.",-0.08414504994629247,-0.15731237928146324,-0.43649747152841906,False,True,False,False,False
-0.5659043220003135,-0.373871809874941,-0.5499211374365451,-0.12738168292576688,-0.2884396976986649,-0.4588790053008207,,"Lot de déchets non identifiés au centre de tri municipal. Masse 33.9 kg. Comportement physique atypique, classification incertaine. État dégradé, recyclage partiel possible.",-0.25382794976720563,-0.15731237643921223,-0.12155733485504415,True,False,False,False,False
-0.8854677140401229,-0.726386989141053,-0.5499211374365451,-0.03086350340708176,-1.2597521004170107,-0.8596617761303531,,"Déchet non catégorisé collecté en provenance de l'Usine B. Poids non mesuré kg, volume 47.8 L. Caractéristiques ambiguës. Nécessite analyse complémentaire.",-0.34977677070892216,-0.5945670487301238,-0.9854886867713586,False,False,False,True,False
-0.8473165254369102,-1.0233324721769657,-0.5499211374365451,-0.03086350340708176,-1.2597521004170107,-0.8403451556488601,,"Déchet non catégorisé collecté au Centre de Tri. Poids 14.6 kg, volume 7.9 L. Caractéristiques ambiguës. Nécessite analyse complémentaire.",1.114219112094715,-0.591627302838367,-1.7846499845711474,True,False,False,False,False
-0.8823404746477448,-0.5187730204416763,-0.5499211374365451,-0.03086350340708176,-1.2597521004170107,-0.8575415651484467,,"Déchet non catégorisé collecté via la collecte citoyenne. Poids 12.2 kg, volume 75.6 L. Caractéristiques ambiguës. Nécessite analyse complémentaire.",-0.43233415331657216,-0.5916273086424009,-0.7465128373706107,False,True,False,False,False
-0.6492763344687654,-0.4577175431257024,-0.5499211374365451,-0.17340938398655092,-0.2884396976986649,-0.5407486573255916,,"Matériau inconnu issu de la collecte citoyenne. Poids 28.2 kg, volume 83.8 L. Propriétés mixtes. Orientation vers tri manuel.",-0.27234814243047173,-0.15731238162710132,-0.2771000708257049,False,True,False,False,False
-0.6419227928686898,-0.8003388007593712,-0.5499211374365451,-0.1435250506188363,-0.9359812995108955,-0.533527626261052,,"Matériau inconnu au centre de tri municipal. Poids 28.7 kg, volume 37.9 L. Propriétés mixtes. Orientation vers tri manuel.",0.11469371050799938,-0.15731238108660262,-0.6668465177845739,True,False,False,False,False
-0.8044372035581103,-0.85932600596154,-0.5499211374365451,-0.03086350340708176,-1.2597521004170107,-0.8192918365712867,,"Déchet non catégorisé collecté depuis l'Usine B. Poids 17.6 kg, volume 29.9 L. Caractéristiques ambiguës. Nécessite analyse complémentaire.",-0.04211715153462037,-0.591627297886624,-1.0298831129441712,False,False,False,True,False
-0.8325322286158902,-0.7332784514570951,-0.5499211374365451,-0.11522277113868884,-0.6122104986047802,-0.6388173489956516,,"Déchet non catégorisé collecté en provenance de l'Usine A. Poids -99.0 kg, volume 46.9 L. Caractéristiques ambiguës. Nécessite analyse complémentaire.",-0.2742931812184021,0.15913719277645907,-0.8635398596978107,False,False,True,False,False
-0.8278908386694209,-1.0610901035509952,-0.5499211374365451,-0.1425263621011556,-0.6122104986047802,-0.716144535061157,,"Matériau inconnu sans localisation enregistrée. Poids 16.0 kg, volume 2.9 L. Propriétés mixtes. Orientation vers tri manuel.",4.542278559474201,-0.1573124052100835,-2.2457928367285995,False,False,False,False,True
-0.8593591078668185,-0.8479436138204907,-0.5499211374365451,-0.03086350340708176,-1.2597521004170107,-0.8462579434287478,,"Déchet non catégorisé collecté issu de la collecte citoyenne. Poids 13.8 kg, volume 31.5 L. Caractéristiques ambiguës. Nécessite analyse complémentaire.",-0.1778416905686398,-0.5916273046070475,-1.1253353718460968,False,True,False,False,False
-0.4684898413953471,-0.2432853708645337,1.9355720538381098,9.847609253667422,1.006643505925796,0.8012804895697484,,"Matériau inconnu en provenance de l'Usine A. Poids 40.5 kg, volume 112.6 L. Propriétés mixtes. Orientation vers tri manuel.",-0.2504341554820822,1.579947274381737,0.05329086933132406,False,False,True,False,False
-0.8682041127574089,-1.0084023914569815,-0.5499211374365451,-0.03086350340708176,-0.9359812995108955,-0.8506007525508381,,"Lot de déchets non identifiés en provenance de l'Usine A. Masse 13.2 kg. Comportement physique atypique, classification incertaine. Acheminement prioritaire demandé.",0.6402352719013547,-0.5916273060465346,-1.72361034333583,False,False,True,False,False
0.9437118566575702,1.0489981002794677,-0.5499211374365451,-0.200778548742471,1.006643505925796,-0.35476891327381105,,"Déchet non catégorisé collecté lors d'une collecte citoyenne. Poids 137.1 kg, volume 286.1 L. Caractéristiques ambiguës. Nécessite analyse complémentaire.",-0.1409116781242944,-0.7653532440098714,1.1320429435389878,False,True,False,False,False
-0.17400404793631508,-0.21662367001977545,1.7116878141851828,-0.03086350340708176,1.3304143068319114,1.6688180020840058,,"Lot de déchets non identifiés lors d'une collecte citoyenne. Masse 60.7 kg. Comportement physique atypique, classification incertaine. Lot conforme aux standards de tri.",-0.1015129042398226,1.5799472957187974,0.2712299348029987,False,True,False,False,False
0.8176434640862101,1.0215804998497588,-0.5499211374365451,-0.20161345850740434,1.006643505925796,-0.3919079067761388,,"Déchet non catégorisé collecté à l'Usine B. Poids 128.4 kg, volume 282.4 L. Caractéristiques ambiguës. Nécessite analyse complémentaire.",-0.16320450118727106,-0.7653532441374349,1.0929731193625871,False,False,False,True,False
-0.7713563146974173,-0.7582594723972041,-0.5499211374365451,-0.12124779928208879,-0.41794801806111115,-0.66062876102697,,"Matériau inconnu depuis l'Usine B. Poids 19.8 kg, volume non mesuré L. Propriétés mixtes. Orientation vers tri manuel.",-0.16238331770029563,-0.15731239460414978,-0.782060570456719,False,False,False,True,False
-0.8594481852116653,-0.6635577827259793,-0.5499211374365451,-0.03086350340708176,-0.9359812995108955,-0.8463016795160149,,"Déchet non catégorisé collecté à l'Usine A. Poids 13.8 kg, volume 56.2 L. Caractéristiques ambiguës. Nécessite analyse complémentaire.",-0.35539661065758904,-0.591627304620916,-0.8349993566898353,False,False,True,False,False
0.1100966291603347,-0.05745896981782563,1.9804370849221016,-0.03086350340708176,1.006643505925796,2.505761583698008,,"Lot de déchets non identifiés issu de la collecte citoyenne. Masse 80.1 kg. Comportement physique atypique, classification incertaine. Traces d'humidité détectées.",-0.04631143004814495,1.579947306137155,0.49519578935642433,False,True,False,False,False
-0.5127495797581252,-0.4342408962978726,-0.5499211374365451,-0.14692988986521757,-0.6122104986047802,-0.4066821094602525,,"Déchet non catégorisé collecté à l'Usine B. Poids 37.5 kg, volume 87.0 L. Caractéristiques ambiguës. Nécessite analyse complémentaire.",-0.18500124200756746,-0.15731237395464526,-0.11511504429830109,False,False,False,True,False
1.2586830357396968,1.5326889822699756,-0.5499211374365451,-0.19612678547118012,0.6828727050196809,-0.2619802900927052,,"Déchet inclassifiable détecté en provenance de l'Usine A. Masse estimée 158.6 kg. Agent de tri recommande contrôle visuel supplémentaire. Volume surestimé, vérification recommandée.",-0.16596433565956198,-0.7653532437517491,1.3078309015481953,False,False,True,False,False
-0.5485764423187566,-0.5308468284354098,-0.5499211374365451,-0.1577838477497467,-0.9359812995108955,-0.4418633733416789,,"Lot de déchets non identifiés sans localisation enregistrée. Masse 35.1 kg. Comportement physique atypique, classification incertaine. État dégradé, recyclage partiel possible.",-0.14603368017867216,-0.15731237557268848,-0.22991603173090497,False,False,False,False,True
-0.5744198399257481,-0.5822124257879819,-0.5499211374365451,-0.10850124370028359,-0.6122104986047802,-0.46724107392222813,,Déchet inclassifiable détecté lors d'une collecte citoyenne. Masse estimée 33.3 kg. Agent de tri recommande contrôle visuel supplémentaire. Conditionnement non conforme au protocole.,-0.12553874208677376,-0.15731237688764957,-0.3048623004890432,False,True,False,False,False
-0.5170371147307778,-0.9499579124753762,2.024257346800312,-0.03086350340708176,0.6828727050196809,0.6582631295332333,,"Lot de déchets non identifiés au Centre de Tri. Masse 37.2 kg. Comportement physique atypique, classification incertaine. Poids anormalement élevé pour cette catégorie.",1.3415171608146865,1.579947268647755,-0.9150416184437178,True,False,False,False,False
1.6608178794419688,1.9336067106837003,-0.5499211374365451,-0.18901280064463255,0.6828727050196809,-0.14351377328624587,,"Déchet non catégorisé collecté au centre de tri municipal. Poids 186.1 kg, volume 404.8 L. Caractéristiques ambiguës. Nécessite analyse complémentaire.",-0.15876165711284934,-0.7653532435090078,1.459569195843915,True,False,False,False,False
-0.8747019169890289,-0.8711275895115295,-0.5499211374365451,-0.03086350340708176,-1.583522901323126,-0.8409257518026013,,Déchet inclassifiable détecté depuis le Centre de Tri. Masse estimée -99.0 kg. Agent de tri recommande contrôle visuel supplémentaire. Odeur inhabituelle signalée par l'agent.,-0.1675755372687038,-0.5306797118280109,-1.2169493822945388,True,False,False,False,False
-0.7727558527835846,-0.6624200742409658,-0.5499211374365451,-0.03086350340708176,-0.9359812995108955,-0.8088259521809632,,"Matériau inconnu lors d'une collecte citoyenne. Poids non mesuré kg, volume 56.4 L. Propriétés mixtes. Orientation vers tri manuel.",-0.25945679614920236,-0.6072225981340972,-0.6546766859523623,False,True,False,False,False
-0.5224954243903214,-0.5417290277578004,-0.5499211374365451,-0.15351611574239948,-0.9359812995108955,-0.41625233434869824,,"Lot de déchets non identifiés depuis le Centre de Tri. Masse 36.8 kg. Comportement physique atypique, classification incertaine. Traces d'humidité détectées.",-0.11471710645318264,-0.15731237437349482,-0.21503371533993296,True,False,False,False,False
1.2199226311263731,1.1853965852377237,-0.5499211374365451,-0.1976133479977439,1.006643505925796,-0.27339887317860434,,"Lot de déchets non identifiés via la collecte citoyenne. Masse 155.9 kg. Comportement physique atypique, classification incertaine. Acheminement prioritaire demandé.",-0.11040762591092997,-0.7653532437796678,1.2278999533632164,False,True,False,False,False
-0.7992545077420652,-0.6949030239785852,-0.5499211374365451,-0.03086350340708176,-1.0654896198733415,-0.5902907479283154,,"Déchet non catégorisé collecté depuis le Centre de Tri. Poids 17.9 kg, volume -2.2 L. Caractéristiques ambiguës. Nécessite analyse complémentaire.",-0.26449327432629577,0.1724431381484673,-0.7432743278141942,True,False,False,False,False
0.5400802482071838,-0.40305636681439516,-0.5499211374365451,-0.14910936098669292,-0.6122104986047802,-0.2801597805423271,,"Matériau inconnu en provenance de l'Usine A. Poids non mesuré kg, volume 91.2 L. Propriétés mixtes. Orientation vers tri manuel.",0.5217217608275679,-0.6584669573546199,0.4457284390071498,False,False,True,False,False
1.3446993802900868,1.5014815289750671,-0.5499211374365451,-0.18392913133599303,0.6828727050196809,-0.23664039008927895,,"Matériau inconnu en provenance de l'Usine A. Poids 164.5 kg, volume 346.8 L. Propriétés mixtes. Orientation vers tri manuel.",-0.1453810263310104,-0.7653532436930053,1.3200702900374321,False,False,True,False,False
-0.7284561722519336,-0.7069265136228989,-0.06320851436443298,-0.03086350340708176,-1.2597521004170107,-0.8298829906528336,,"Lot de déchets non identifiés depuis l'Usine B. Masse non mesuré kg. Comportement physique atypique, classification incertaine. Odeur inhabituelle signalée par l'agent.",-0.16616442918025529,-0.7188714701725601,-0.6392632643348205,False,False,False,True,False
-0.4448017068469427,-0.5855959244807212,-0.5499211374365451,-0.12644924435754268,-0.2884396976986649,-0.3399586545938265,,"Matériau inconnu au Centre de Tri. Poids 42.1 kg, volume 66.7 L. Propriétés mixtes. Orientation vers tri manuel.",-0.0004016723332590984,-0.1573123714023767,-0.18992969591153816,True,False,False,False,False
-0.3589790825886839,-0.39143011577230613,2.0783636886998265,-0.03086350340708176,0.35910190411356563,1.1238926270611895,,"Matériau inconnu au centre de tri municipal. Poids 48.0 kg, volume 92.7 L. Propriétés mixtes. Orientation vers tri manuel.",-0.10543974990217587,1.5799472844058011,0.04087021245498269,True,False,False,False,False
-0.4491193427431207,-0.5585764747966205,-0.5499211374365451,-0.15066684810543557,-0.9359812995108955,-0.4533176863134334,,"Déchet non catégorisé collecté à l'Usine B. Poids 41.9 kg, volume 70.3 L. Caractéristiques ambiguës. Nécessite analyse complémentaire.",-0.03420189166793471,-0.31495191863878647,-0.166895888528624,False,False,False,True,False
-0.5412311590548268,-0.47031070661697155,1.8717867956769512,-0.03086350340708176,0.35910190411356563,0.5869889237931009,,Déchet inclassifiable détecté en provenance de l'Usine B. Masse estimée 35.6 kg. Agent de tri recommande contrôle visuel supplémentaire. Conditionnement non conforme au protocole.,-0.18343359095620956,1.5799472653905726,-0.17056181133958453,False,False,False,True,False
1.8239322949306866,1.5952514706510244,-0.5499211374365451,-0.19638095843024603,1.3304143068319114,-0.09546124327923024,,Déchet inclassifiable détecté en provenance de l'Usine A. Masse estimée 197.2 kg. Agent de tri recommande contrôle visuel supplémentaire. Aucune anomalie signalée.,-0.07691878526290323,-0.7653532434298357,1.4290684764701052,False,False,True,False,False
-0.5962064111168776,-0.6584472569580103,-0.5499211374365451,-0.140954229671075,-0.2884396976986649,-0.4886350519421974,,"Lot de déchets non identifiés au Centre de Tri. Masse 31.8 kg. Comportement physique atypique, classification incertaine. Étiquetage absent sur le conteneur.",-0.06768562151941984,-0.15731237810968646,-0.4107220795955938,True,False,False,False,False
-0.9154254404047546,-1.048117227686527,-0.5499211374365451,-0.03086350340708176,-1.583522901323126,-0.8737859531245845,,"Lot de déchets non identifiés à l'Usine A. Masse 10.0 kg. Comportement physique atypique, classification incertaine. Odeur inhabituelle signalée par l'agent.",1.4103681217538135,-0.5916273166828088,-2.2430747937206115,False,False,True,False,False
-0.6766973017667953,-0.8147520362286979,-0.5499211374365451,-0.1228058697753217,-0.2884396976986649,-0.5676754998522947,,"Déchet non catégorisé collecté en provenance de l'Usine B. Poids 26.3 kg, volume 35.9 L. Caractéristiques ambiguës. Nécessite analyse complémentaire.",0.09138297293595832,-0.15731238382476637,-0.7364994775560778,False,False,False,True,False
-0.8317783885906532,-0.7810600299134072,-0.5499211374365451,-0.03086350340708176,-1.583522901323126,-0.8327160855385657,,"Matériau inconnu issu de la collecte citoyenne. Poids 15.7 kg, volume 40.4 L. Propriétés mixtes. Orientation vers tri manuel.",-0.22449995212812177,-0.5916273008303765,-0.9356167368218836,False,True,False,False,False
-0.2832970484567792,-0.2927929683943769,1.7585600633347758,-0.03086350340708176,1.3304143068319114,1.3468473674634485,,"Lot de déchets non identifiés issu de la collecte citoyenne. Masse 53.2 kg. Comportement physique atypique, classification incertaine. État dégradé, recyclage partiel possible.",-0.12000724864794818,1.579947289684611,0.15911761663982169,False,True,False,False,False
-0.7122603315120604,-0.7718324139321572,-0.5499211374365451,-0.12656312234577352,-0.9359812995108955,-0.6025976851754947,,"Matériau inconnu depuis le Centre de Tri. Poids 23.9 kg, volume 41.7 L. Propriétés mixtes. Orientation vers tri manuel.",-0.05508868215658444,-0.15731238718911666,-0.7105750435390151,True,False,False,False,False
-0.5659043220003135,-0.373871809874941,-0.5499211374365451,-0.12738168292576688,-0.2884396976986649,-0.45887900530082076,,"Déchet non catégorisé collecté depuis le Centre de Tri. Poids 33.9 kg, volume 95.1 L. Caractéristiques ambiguës. Nécessite analyse complémentaire.",-0.25382794976720563,-0.15731237643921234,-0.12155733485504415,True,False,False,False,False
1.040617551958292,1.524844404657989,-0.5499211374365451,-0.20422317495602924,1.3304143068319114,-0.18262457724158765,,"Matériau inconnu en provenance de l'Usine B. Poids non mesuré kg, volume 349.9 L. Propriétés mixtes. Orientation vers tri manuel.",-0.2038375775106552,-0.7049257629854807,1.2568088370823605,False,False,False,True,False
-0.7650218059492346,-0.7120251884579235,-0.5499211374365451,-0.15851581058748745,-0.9359812995108955,-0.6544083998817016,,"Matériau inconnu issu de la collecte citoyenne. Poids 20.3 kg, volume 49.7 L. Propriétés mixtes. Orientation vers tri manuel.",-0.20663239482944473,-0.1573123936678486,-0.7044184584908665,False,True,False,False,False
-0.6809091195566207,-0.7921196170411725,-0.5499211374365451,-0.14833858859792834,-0.2884396976986649,-0.571811420848267,,"Déchet non catégorisé collecté depuis l'Usine B. Poids 26.0 kg, volume 39.0 L. Caractéristiques ambiguës. Nécessite analyse complémentaire.",0.03217825708368498,-0.157312384190386,-0.7013372834141661,False,False,False,True,False
-0.7306794956502698,-0.8186796182332238,-0.5499211374365451,-0.03086350340708176,-1.583522901323126,-0.7830775381408359,,Déchet inclassifiable détecté à l'Usine A. Masse estimée 22.6 kg. Agent de tri recommande contrôle visuel supplémentaire. Poids anormalement élevé pour cette catégorie.,0.0056534020008421415,-0.5916272923727439,-0.8196637593886417,False,False,True,False,False
-0.21076424695707552,-0.2690631661298354,1.9136509952683824,-0.03086350340708176,1.006643505925796,1.5605246571201978,,Déchet inclassifiable détecté depuis le Centre de Tri. Masse estimée 58.1 kg. Agent de tri recommande contrôle visuel supplémentaire. Lot conforme aux standards de tri.,-0.09174230790699928,1.5799472938622803,0.2186706779769378,True,False,False,False,False
-0.35240245867404946,-0.5002775171433567,2.0043558933667764,-0.03086350340708176,0.6828727050196809,1.143266967278513,,"Lot de déchets non identifiés en provenance de l'Usine B. Masse 48.5 kg. Comportement physique atypique, classification incertaine. Acheminement prioritaire demandé.",-0.011244024411879093,1.5799472849092289,-0.04042559608638801,False,False,False,True,False
1.393615527948805,1.2121802064374796,-0.5499211374365451,-0.1860063292626341,1.3304143068319114,-0.22222998591895757,,"Déchet non catégorisé collecté dans un site non renseigné. Poids 167.8 kg, volume 308.0 L. Caractéristiques ambiguës. Nécessite analyse complémentaire.",-0.08049277765085824,-0.7653532436614348,1.2705993981597927,False,False,False,False,True
-0.7965317350506904,-0.567802388392634,-0.5499211374365451,-0.12502313857362735,-0.6122104986047802,-0.6853505212781061,,"Déchet non catégorisé collecté en provenance de l'Usine B. Poids 18.1 kg, volume 69.1 L. Caractéristiques ambiguës. Nécessite analyse complémentaire.",-0.34017900312891697,-0.1573123987679641,-0.5959225825444666,False,False,False,True,False
-0.8437323361758351,-0.9012753056865351,-0.5499211374365451,-0.03086350340708176,-0.9359812995108955,-0.8534062017399783,,"Déchet non catégorisé collecté depuis l'Usine B. Poids non mesuré kg, volume 24.3 L. Caractéristiques ambiguës. Nécessite analyse complémentaire.",-0.018801175380997997,-0.651850230078114,-1.2171972835731846,False,False,False,True,False
-0.8273810565419135,-1.0633916757424502,-0.5499211374365451,-0.12201875913541448,-0.547456338423557,-0.6693089069889773,,"Matériau inconnu issu de la collecte citoyenne. Poids non mesuré kg, volume 1.1 L. Propriétés mixtes. Orientation vers tri manuel.",5.174762947047935,0.01781118498536332,-2.300729653322478,False,True,False,False,False
-0.795036398995929,-0.45365718758329593,-0.5499211374365451,-0.03086350340708176,-1.583522901323126,-0.7317997629439787,,"Déchet inclassifiable détecté à l'emplacement non spécifié. Masse estimée non mesuré kg. Agent de tri recommande contrôle visuel supplémentaire. Volume surestimé, vérification recommandée.",-0.38277701296274225,-0.31642780691260514,-0.49267437252070495,False,False,False,False,True
-0.5194432131422935,-0.3083505305967526,-0.5499211374365451,-0.12550408261648138,-0.2884396976986649,-0.4132551238294404,,"Déchet inclassifiable détecté à l'Usine B. Masse estimée 37.0 kg. Agent de tri recommande contrôle visuel supplémentaire. Volume surestimé, vérification recommandée.",-0.25344209667673817,-0.1573123742406991,-0.032253277427301885,False,False,False,True,False
1.415987300302107,1.652732312413878,-0.5499211374365451,3.8237753091298363,1.3304143068319114,-0.21563939575501515,,"Matériau inconnu en provenance de l'Usine A. Poids 169.3 kg, volume 367.1 L. Propriétés mixtes. Orientation vers tri manuel.",-0.15727635412828642,-0.7653532436474114,1.3632544758038936,False,False,True,False,False
1.6462214867916618,1.6158433994361734,-0.5499211374365451,-0.2121518882687241,1.3304143068319114,-0.14781378315184593,,"Matériau inconnu lors d'une collecte citoyenne. Poids 185.1 kg, volume 362.1 L. Propriétés mixtes. Orientation vers tri manuel.",-0.11157217266883698,-0.7653532435165576,1.4010220513048863,False,True,False,False,False
-0.15482156625516524,-0.14607920548732584,1.6776754531748495,-0.03086350340708176,1.006643505925796,1.7253284443910653,,"Lot de déchets non identifiés depuis le Centre de Tri. Masse 62.0 kg. Comportement physique atypique, classification incertaine. Étiquetage absent sur le conteneur.",-0.12805172156813202,1.5799472966277999,0.3212467677590439,True,False,False,False,False
-0.8724165244036254,-1.05829517204801,-0.5499211374365451,-0.03086350340708176,-1.2597521004170107,-0.8526690046263852,,Déchet inclassifiable détecté à l'Usine B. Masse estimée 12.9 kg. Agent de tri recommande contrôle visuel supplémentaire. Poids anormalement élevé pour cette catégorie.,3.084941261379795,-0.5916273067794471,-2.289127806561269,False,False,False,True,False
-0.8565022020015746,-0.7793550278506884,-0.5499211374365451,-0.03086350340708176,-1.2597521004170107,-0.8448552311627847,,"Lot de déchets non identifiés dans un site non renseigné. Masse 14.0 kg. Comportement physique atypique, classification incertaine. Volume surestimé, vérification recommandée.",-0.26466528096942044,-0.5916273041686487,-0.9898394987066537,False,False,False,False,True
1.6367711192851742,1.6774045222462588,-0.5499211374365451,-0.1917071021100351,0.6828727050196809,-0.15059780482658405,,"Matériau inconnu depuis l'Usine B. Poids 184.4 kg, volume 370.4 L. Propriétés mixtes. Orientation vers tri manuel.",-0.12364399552424243,-0.7653532435214893,1.4105847592734275,False,False,False,True,False
-0.9520547669453163,-0.8705629061123962,-0.5499211374365451,-0.03086350340708176,-1.583522901323126,-0.8917705868703049,,"Lot de déchets non identifiés en provenance de l'Usine B. Masse 7.5 kg. Comportement physique atypique, classification incertaine. Volume surestimé, vérification recommandée.",-0.33946884077492445,-0.5916273312587185,-1.4829721510290672,False,False,False,True,False
-0.27978905341205795,-0.3664461248863265,1.8526958121988204,-0.03086350340708176,0.6828727050196809,1.357181710792079,,"Lot de déchets non identifiés depuis le Centre de Tri. Masse 53.4 kg. Comportement physique atypique, classification incertaine. Odeur inhabituelle signalée par l'agent.",-0.07029683823827686,1.5799472899045033,0.1122613003568387,True,False,False,False,False
-0.7716741628500527,-0.6480264315165827,-0.5499211374365451,-0.11104426484568912,-0.2884396976986649,-0.6609408815681748,,"Matériau inconnu depuis l'Usine B. Poids 19.8 kg, volume 58.3 L. Propriétés mixtes. Orientation vers tri manuel.",-0.2689449876992985,-0.15731239465220942,-0.6359124983557602,False,False,False,True,False
-0.7831213234412774,-0.6624200742409658,-0.5499211374365451,-0.03086350340708176,-0.9359812995108955,-0.8088259521809632,,"Matériau inconnu lors d'une collecte citoyenne. Poids 19.0 kg, volume 56.4 L. Propriétés mixtes. Orientation vers tri manuel.",-0.271001008358532,-0.5916272959928497,-0.673004773433813,False,True,False,False,False
2.660234649935842,1.0733384664191825,-0.5499211374365451,-0.1857958835783335,1.006643505925796,-0.2928085109637286,,"Matériau inconnu issu de la collecte citoyenne. Poids 1514.3 kg, volume 289.3 L. Propriétés mixtes. Orientation vers tri manuel.",0.22656914777665557,-0.8708165701548284,1.4479884595891717,False,True,False,False,False
-0.5330127532322786,-0.4139080190925491,2.0224611434254562,-0.03086350340708176,1.3304143068319114,0.6111998551945098,,Déchet inclassifiable détecté lors d'une collecte citoyenne. Masse estimée 36.1 kg. Agent de tri recommande contrôle visuel supplémentaire. Odeur inhabituelle signalée par l'agent.,-0.21122244984906874,1.579947266530446,-0.11849652745712294,False,True,False,False,False
-0.7548652385197404,-0.595388999296733,-0.5499211374365451,-0.1285465259612874,-0.6122104986047802,-0.6444348534048974,,"Lot de déchets non identifiés au centre de tri municipal. Masse 21.0 kg. Comportement physique atypique, classification incertaine. Légère contamination observée.",-0.2865229349259902,-0.15731239224736826,-0.5503121249011519,True,False,False,False,False
-0.6357401045763234,-0.503174325476918,-0.5499211374365451,-0.1537936099698059,-0.9359812995108955,-0.5274563497728516,,"Déchet non catégorisé collecté issu de la collecte citoyenne. Poids 29.1 kg, volume 77.7 L. Caractéristiques ambiguës. Nécessite analyse complémentaire.",-0.23719888675299508,-0.15731238064661462,-0.29877969577485697,False,True,False,False,False
-0.5011434062750493,-0.4244712183784601,1.6814544337043211,-0.03086350340708176,1.3304143068319114,2.316265334130156,,Déchet inclassifiable détecté au centre de tri municipal. Masse estimée non mesuré kg. Agent de tri recommande contrôle visuel supplémentaire. Lot conforme aux standards de tri.,-0.18262944901659273,4.123671826908528,-0.09711455299009794,True,False,False,False,False
-0.18246091273160395,-0.18011082606615408,1.9860128225187268,-0.03086350340708176,0.35910190411356563,1.643904584828803,,"Matériau inconnu au centre de tri municipal. Poids 60.1 kg, volume 121.1 L. Propriétés mixtes. Orientation vers tri manuel.",-0.12529811936733407,1.5799472953054494,0.28714662407961106,True,False,False,False,False
-0.1852722854636882,-1.0201051752507597,-0.5499211374365451,-0.17488397625560304,-0.6122104986047802,-0.698406760808031,,"Lot de déchets non identifiés provenant de l'Usine A. Masse non mesuré kg. Comportement physique atypique, classification incertaine. Aucune anomalie signalée.",5.996555598416031,-0.7765052457933657,-1.0544046257972415,False,False,True,False,False
2.353588224006286,2.433696049956886,-0.5499211374365451,-0.21151730464473478,1.3304143068319114,0.06057222162969638,,"Lot de déchets non identifiés en provenance de l'Usine A. Masse 233.4 kg. Comportement physique atypique, classification incertaine. Lot conforme aux standards de tri.",-0.12664892409660838,-0.7653532432249042,1.6502691137486056,False,False,True,False,False
1.610019272934651,1.6154833410743152,-0.5499211374365451,-0.19277997298912983,0.6828727050196809,-0.15847873856042993,,"Matériau inconnu depuis le Centre de Tri. Poids 182.6 kg, volume 362.1 L. Propriétés mixtes. Orientation vers tri manuel.",-0.11778615318748231,-0.7653532435356387,1.3942025930954787,True,False,False,False,False
-0.676240984251005,-0.5893593150729503,1.8201120020148591,-0.03086350340708176,1.3304143068319114,0.18925806370673345,,"Matériau inconnu au Centre de Tri. Poids non mesuré kg, volume 66.2 L. Propriétés mixtes. Orientation vers tri manuel.",-0.2155338088155263,1.5799472397020435,-0.4296844244053976,True,False,False,False,False
-0.7948307745477691,-0.9122365138463318,-0.5499211374365451,-0.14621502524964494,-0.6122104986047802,-0.6836802120177323,,"Déchet non catégorisé collecté via la collecte citoyenne. Poids 18.2 kg, volume 22.8 L. Caractéristiques ambiguës. Nécessite analyse complémentaire.",0.15182100791426847,-0.1573123984618671,-1.1470346289282272,False,True,False,False,False
-0.5585482805246558,-0.41962619573341875,1.879904313120936,-0.03086350340708176,1.006643505925796,0.53597372096318,,"Matériau inconnu en provenance de l'Usine B. Poids 34.4 kg, volume 89.0 L. Propriétés mixtes. Orientation vers tri manuel.",-0.22605397594782806,1.5799472628667646,-0.14764482904387144,False,False,False,True,False
0.9552805879832739,1.046439804429174,-0.5499211374365451,-0.20938701114343863,1.006643505925796,-0.35136083430356246,,"Déchet non catégorisé collecté lors d'une collecte citoyenne. Poids 137.8 kg, volume 285.7 L. Caractéristiques ambiguës. Nécessite analyse complémentaire.",-0.13784098196797318,-0.7653532439989643,1.1343264213217117,False,True,False,False,False
-0.07102960601553986,0.028531001691507747,2.0783636886998265,-0.03086350340708176,1.006643505925796,2.1781037637020333,,"Déchet inclassifiable détecté depuis le Centre de Tri. Masse estimée non mesuré kg. Agent de tri recommande contrôle visuel supplémentaire. État dégradé, recyclage partiel possible.",-0.16395565249114064,1.7638726426410742,0.45135887702443406,True,False,False,False,False
-0.8692860136109148,-1.0615890342615386,-0.5499211374365451,-0.03086350340708176,-1.2597521004170107,-0.8511319550718002,,"Matériau inconnu au centre de tri municipal. Poids 13.1 kg, volume 2.8 L. Propriétés mixtes. Orientation vers tri manuel.",3.735154906205277,-0.5916273062317061,-2.3529282885416984,True,False,False,False,False
1.1743494257037914,1.3401889783335696,-0.5499211374365451,-0.20455452782774974,1.006643505925796,-0.2868244665850678,,"Lot de déchets non identifiés en provenance de l'Usine A. Masse 152.8 kg. Comportement physique atypique, classification incertaine. Traces d'humidité détectées.",-0.14927236509815478,-0.7653532438137319,1.2509001176112875,False,False,True,False,False
-0.1416743455780936,-0.13864729063526376,1.924731005024249,-0.03086350340708176,1.006643505925796,1.764059369196269,,Déchet inclassifiable détecté à l'Usine A. Masse estimée 62.9 kg. Agent de tri recommande contrôle visuel supplémentaire. Lot conforme aux standards de tri.,-0.12510212592878647,1.5799472972289088,0.3324340650890945,False,False,True,False,False
-0.8581522763634599,-0.847088974367264,-0.5499211374365451,-0.03086350340708176,-0.9359812995108955,-0.8456654012056013,,"Matériau inconnu au centre de tri municipal. Poids 13.9 kg, volume 31.6 L. Propriétés mixtes. Orientation vers tri manuel.",-0.17690687309708983,-0.591627304420353,-1.1205338992006837,True,False,False,False,False
0.1758775294792223,0.40157318366257944,1.7087304130779362,-0.03086350340708176,0.35910190411356563,2.6995481768075846,,Déchet inclassifiable détecté à l'Usine A. Masse estimée 84.6 kg. Agent de tri recommande contrôle visuel supplémentaire. Poids anormalement élevé pour cette catégorie.,-0.1909545921058969,1.579947307867293,0.7082421800121416,False,False,True,False,False
-0.2710965157949871,-0.28076322479079524,-0.5499211374365451,-0.12580916592434052,-0.6122104986047802,-0.16938362437368815,,"Déchet inclassifiable détecté issu de la collecte citoyenne. Masse estimée 54.0 kg. Agent de tri recommande contrôle visuel supplémentaire. Volume surestimé, vérification recommandée.",-0.11980544598667664,-0.15731236687265931,0.17450468083557236,False,True,False,False,False
-0.24045930408984967,-0.2754485683186781,1.7205405135808172,-0.03086350340708176,0.6828727050196809,1.4730447970687504,,"Déchet non catégorisé collecté issu de la collecte citoyenne. Poids 56.1 kg, volume 108.3 L. Caractéristiques ambiguës. Nécessite analyse complémentaire.",-0.10508384505402503,1.5799472922411806,0.1968952238445002,False,True,False,False,False
-0.35235271220189684,-0.3270364174426762,-0.5499211374365451,-0.16939064963669387,-0.6122104986047802,-0.24917558726060315,,"Déchet non catégorisé collecté à l'Usine B. Poids 48.5 kg, volume 101.4 L. Caractéristiques ambiguës. Nécessite analyse complémentaire.",-0.14187266284256675,-0.15731236871531495,0.09026838314977419,False,False,False,True,False
-0.9183391998962783,-0.9678065195022374,-0.5499211374365451,-0.055676872776942325,-0.9359812995108955,-0.8752165799536129,,"Déchet non catégorisé collecté à l'Usine A. Poids 9.8 kg, volume 15.4 L. Caractéristiques ambiguës. Nécessite analyse complémentaire.",0.003039638403853028,-0.591627317569072,-1.6554132063473819,False,False,True,False,False
-0.18583162953606686,0.14004672172604374,1.7185568892575622,-0.03086350340708176,0.35910190411356563,1.6339746549751901,,"Matériau inconnu à l'Usine B. Poids 59.8 kg, volume 164.1 L. Propriétés mixtes. Orientation vers tri manuel.",-0.24592213717967962,1.579947295138473,0.4375407948219884,False,False,False,True,False
-0.9144460896695792,-0.9537495771853279,-0.5499211374365451,-0.03086350340708176,-1.2597521004170107,-0.8805712604679121,,"Lot de déchets non identifiés via la collecte citoyenne. Masse non mesuré kg. Comportement physique atypique, classification incertaine. Odeur inhabituelle signalée par l'agent.",-0.0466107714607687,-0.6353576457014628,-1.584346266075814,False,True,False,False,False
1.3682212199811203,1.3408166035687947,-0.5499211374365451,-0.19920599574561687,0.6828727050196809,-0.2297109969747153,,"Déchet non catégorisé collecté au centre de tri municipal. Poids 166.1 kg, volume non mesuré L. Caractéristiques ambiguës. Nécessite analyse complémentaire.",-0.11196137030806466,-0.7653532436776657,1.2927462629586746,True,False,False,False,False
-0.9075147383869984,-1.0633916757424502,-0.5499211374365451,-0.03086350340708176,-0.9359812995108955,-0.8699018773880751,,"Déchet non catégorisé collecté depuis le Centre de Tri. Poids 10.5 kg, volume 2.4 L. Caractéristiques ambiguës. Nécessite analyse complémentaire.",3.204076466440381,-0.5916273144458756,-2.504790439696388,True,False,False,False,False
-0.8636976854689846,-0.8190085453836525,-0.5499211374365451,-0.03086350340708176,-1.2597521004170107,-0.845629387607663,,"Déchet non catégorisé collecté à l'Usine A. Poids non mesuré kg, volume -13.6 L. Caractéristiques ambiguës. Nécessite analyse complémentaire.",-0.22982821327250852,-0.5792854909552144,-1.077951679895479,False,False,True,False,False
-0.752258580417695,-0.595067636805731,-0.5499211374365451,-0.03086350340708176,-1.2597521004170107,-0.7936726533876379,,"Déchet non catégorisé collecté via la collecte citoyenne. Poids 21.1 kg, volume 65.4 L. Caractéristiques ambiguës. Nécessite analyse complémentaire.",-0.28421521893499574,-0.5916272937136645,-0.5457369885796346,False,True,False,False,False
1.6075934730836343,1.5162509326933542,-0.5499211374365451,-0.18226966646526221,1.006643505925796,-0.15919336466985584,,"Lot de déchets non identifiés à l'Usine A. Masse 182.4 kg. Comportement physique atypique, classification incertaine. Conditionnement non conforme au protocole.",-0.10053634209884027,-0.7653532435369358,1.374947504582114,False,False,True,False,False
-0.4282466823444478,-0.42290999741518476,1.6299042139560127,-0.03086350340708176,0.6828727050196809,0.9198344262084258,,"Matériau inconnu dans un site non renseigné. Poids 43.3 kg, volume 88.5 L. Propriétés mixtes. Orientation vers tri manuel.",-0.13187030595838037,1.579947278468373,-0.034583661857509336,False,False,False,False,True
0.24062339484741782,-0.807963088470044,-0.5499211374365451,-0.1276441946110721,-0.2884396976986649,-0.5100915292412175,,"Lot de déchets non identifiés lors d'une collecte citoyenne. Masse non mesuré kg. Comportement physique atypique, classification incertaine. Traces d'humidité détectées.",1.6381728419511496,-0.730159923974101,-0.1127091938205516,False,True,False,False,False
-0.6389558059698707,-0.5565310974159706,-0.5499211374365451,-0.14960174628911588,-0.2884396976986649,-0.5306141043515229,,"Matériau inconnu depuis l'Usine B. Poids 28.9 kg, volume 70.6 L. Propriétés mixtes. Orientation vers tri manuel.",-0.2051812973446186,-0.15731238087385135,-0.3510388131992322,False,False,False,True,False
1.8859999789576785,2.0268174977878775,-0.5499211374365451,-0.19573052956633047,1.006643505925796,-0.07717647525160463,,"Matériau inconnu lors d'une collecte citoyenne. Poids 201.5 kg, volume 417.3 L. Propriétés mixtes. Orientation vers tri manuel.",-0.13754201835070745,-0.7653532434020109,1.5147074448548044,False,True,False,False,False
-0.11117781808097568,-0.02212178016537289,1.6101766394373358,-0.03086350340708176,0.35910190411356563,1.8539003129457445,,"Matériau inconnu sans localisation enregistrée. Poids 65.0 kg, volume 142.3 L. Propriétés mixtes. Orientation vers tri manuel.",-0.161746229147633,1.579947298559213,0.4071929944794179,False,False,False,False,True
1.4839043317422518,1.3266082626875606,-0.5499211374365451,-0.20614472882991272,1.3304143068319114,-0.19563144500776372,,"Lot de déchets non identifiés issu de la collecte citoyenne. Masse 174.0 kg. Comportement physique atypique, classification incertaine. Volume surestimé, vérification recommandée.",-0.08673341993191142,-0.7653532436063492,1.313130197425876,False,True,False,False,False
0.7914846023948475,0.7073340469349496,-0.5499211374365451,-0.19615360870721066,0.6828727050196809,-0.39961415078043117,,"Déchet non catégorisé collecté depuis l'Usine B. Poids 126.6 kg, volume 240.2 L. Caractéristiques ambiguës. Nécessite analyse complémentaire.",-0.09669228343194157,-0.7653532441660786,1.004793056424306,False,False,False,True,False
-0.9404885862581651,-0.9034224156428329,-0.5499211374365451,-0.03086350340708176,-1.583522901323126,-0.8860917075912962,,"Déchet non catégorisé collecté provenant de l'Usine A. Poids 8.3 kg, volume 24.0 L. Caractéristiques ambiguës. Nécessite analyse complémentaire.",-0.26491054441741874,-0.5916273257023461,-1.516929891411929,False,False,True,False,False
0.14535633278086618,0.008082565906559118,1.8681228597031991,-0.03086350340708176,0.35910190411356563,2.6096345590685552,,"Lot de déchets non identifiés au centre de tri municipal. Masse 82.5 kg. Comportement physique atypique, classification incertaine. Traces d'humidité détectées.",-0.06332058513411024,1.5799473070879944,0.541162815242394,True,False,False,False,False
-0.6262419853558974,-0.5733059210959083,-0.5499211374365451,-0.03086350340708176,-1.5187687411419029,-0.7317997629439787,,"Matériau inconnu dans un site non renseigné. Poids 29.7 kg, volume non mesuré L. Propriétés mixtes. Orientation vers tri manuel.",-0.18111868781009308,-0.5916272877622571,-0.35242683624712806,False,False,False,False,True
1.8348292161753068,1.9672676944232852,-0.5499211374365451,-0.19373320720072254,0.6828727050196809,-0.09225107553579502,,"Déchet non catégorisé collecté au Centre de Tri. Poids 198.0 kg, volume 409.3 L. Caractéristiques ambiguës. Nécessite analyse complémentaire.",-0.13673217523330788,-0.7653532434248643,1.4962204964368406,True,False,False,False,False
-0.047096370114409,0.14880779478263326,1.9824581501693088,-0.03086350340708176,1.3304143068319114,2.042680421195553,,"Déchet non catégorisé collecté à l'Usine A. Poids 69.3 kg, volume 165.2 L. Caractéristiques ambiguës. Nécessite analyse complémentaire.",-0.19559925094555775,1.5799473010938978,0.5149002714114395,False,False,True,False,False
1.9435567660568227,2.052894888365472,-0.5499211374365451,-0.1844257916908861,1.006643505925796,-0.060220590445823306,,"Déchet non catégorisé collecté lors d'une collecte citoyenne. Poids 205.4 kg, volume 420.8 L. Caractéristiques ambiguës. Nécessite analyse complémentaire.",-0.13264318790766655,-0.7653532433772356,1.528599095729373,False,True,False,False,False
-0.5912895460323132,-0.4800435435886863,-0.5499211374365451,-0.13501816824686344,-0.2884396976986649,-0.4838067885764984,,"Déchet non catégorisé collecté au Centre de Tri. Poids 32.1 kg, volume 80.8 L. Caractéristiques ambiguës. Nécessite analyse complémentaire.",-0.2158820854272126,-0.1573123778239969,-0.22933957148666706,True,False,False,False,False
-0.7432668546119663,-0.5107507078481386,-0.5499211374365451,-0.03086350340708176,-1.583522901323126,-0.7892578057605897,,"Déchet non catégorisé collecté en provenance de l'Usine B. Poids non mesuré kg, volume 76.7 L. Caractéristiques ambiguës. Nécessite analyse complémentaire.",-0.3206250383950457,-0.5916272931328146,-0.45136450790062504,False,False,False,True,False
-0.759238779441813,-0.6628021456622464,-0.5499211374365451,-0.03086350340708176,-0.9359812995108955,-0.7970998614413263,,"Déchet non catégorisé collecté provenant de l'Usine A. Poids 20.7 kg, volume 56.3 L. Caractéristiques ambiguës. Nécessite analyse complémentaire.",-0.24409614479463682,-0.5916272941884058,-0.6321959401080055,False,False,True,False,False
-0.736252046740068,-0.6478754679398196,-0.5499211374365451,-0.15262431033841875,-0.9359812995108955,-0.6261570706219913,,Déchet inclassifiable détecté depuis l'Usine B. Masse estimée 22.2 kg. Agent de tri recommande contrôle visuel supplémentaire. Matériau mélangé à d'autres déchets.,-0.2309235927847287,-0.1573123898744787,-0.577926235827056,False,False,False,True,False
-0.9148732937673147,-0.7629554215262869,-0.5499211374365451,-0.03086350340708176,-1.2597521004170107,-0.873514854636402,,"Matériau inconnu issu de la collecte citoyenne. Poids 10.0 kg, volume -4.6 L. Propriétés mixtes. Orientation vers tri manuel.",-0.36636994397580175,-0.5916273165188368,-1.1312989667925208,False,True,False,False,False
-0.8724134118962446,-0.8286623342061393,-0.5499211374365451,-0.03086350340708176,-1.583522901323126,-0.8526674764163261,,Déchet inclassifiable détecté depuis le Centre de Tri. Masse estimée 12.9 kg. Agent de tri recommande contrôle visuel supplémentaire. Poids anormalement élevé pour cette catégorie.,-0.23253608843211404,-0.5916273067788936,-1.1192081191612129,True,False,False,False,False
-0.2498385700664384,-0.29533886451817465,1.8836419779240159,-0.03086350340708176,0.35910190411356563,1.4454140411706007,,"Déchet non catégorisé collecté en provenance de l'Usine B. Poids 55.5 kg, volume 105.6 L. Caractéristiques ambiguës. Nécessite analyse complémentaire.",-0.09863209873519299,1.5799472917044994,0.1786139872773099,False,False,False,True,False
-0.12781385043198,-0.18689829352471063,1.8432311751456791,-0.03086350340708176,0.6828727050196809,1.8048915578734728,,"Lot de déchets non identifiés au centre de tri municipal. Masse 63.8 kg. Comportement physique atypique, classification incertaine. Légère contamination observée.",-0.09330079802767478,1.5799472978442974,0.3136132303718433,True,False,False,False,False
-0.8442766117197407,-0.8202854803619489,-0.5499211374365451,-0.03086350340708176,-1.583522901323126,-0.838852588354145,,"Lot de déchets non identifiés en provenance de l'Usine A. Masse 14.8 kg. Comportement physique atypique, classification incertaine. Traces d'humidité détectées.",-0.1934617151388276,-0.5916273024229086,-1.033477050623793,False,False,True,False,False
1.2131137901182913,0.9911077901444562,-0.5499211374365451,-0.18919320382232666,1.006643505925796,-0.27540471696545504,,"Lot de déchets non identifiés à l'Usine A. Masse 155.5 kg. Comportement physique atypique, classification incertaine. Matériau mélangé à d'autres déchets.",-0.0678535305356517,-0.7653532437846704,1.1814696385005903,False,False,True,False,False
-0.912619675812545,-0.8672348275668615,-0.5499211374365451,-0.03086350340708176,-0.9359812995108955,-0.8724083507132564,,"Déchet non catégorisé collecté au centre de tri municipal. Poids 10.2 kg, volume 28.9 L. Caractéristiques ambiguës. Nécessite analyse complémentaire.",-0.25747967339658173,-0.5916273158621957,-1.321340795624926,True,False,False,False,False
-0.6367660866174655,-0.533508311157539,-0.5499211374365451,9.847609253667422,-0.9359812995108955,-0.48968648972900436,,Déchet inclassifiable détecté au centre de tri municipal. Masse estimée non mesuré kg. Agent de tri recommande contrôle visuel supplémentaire. Légère contamination observée.,-0.2190763705641827,-0.07653862240924858,-0.3269616557984631,True,False,False,False,False
-0.06081064729795886,-0.1844340678431646,1.5985217840880892,-0.03086350340708176,0.6828727050196809,2.002278981879931,,"Déchet non catégorisé collecté à l'Usine B. Poids 68.4 kg, volume 120.5 L. Caractéristiques ambiguës. Nécessite analyse complémentaire.",-0.05973735497810688,1.5799473005787468,0.34975696930091876,False,False,False,True,False
0.9925554777015454,1.2826691814487137,-0.5499211374365451,-0.19382414292046096,1.006643505925796,-0.3403798750098737,,"Matériau inconnu à l'Usine B. Poids 140.4 kg, volume 317.4 L. Propriétés mixtes. Orientation vers tri manuel.",-0.17472789890571316,-0.7653532439646572,1.1963019213292845,False,False,False,True,False
-0.9285280983816728,-0.853795943890753,-0.5499211374365451,-0.03086350340708176,-0.9359812995108955,-0.8802192274177761,,"Lot de déchets non identifiés au centre de tri municipal. Masse 9.1 kg. Comportement physique atypique, classification incertaine. Lot conforme aux standards de tri.",-0.3090435348624492,-0.591627320973727,-1.3475777776520728,True,False,False,False,False
-0.2816378052411215,-0.35901724624195647,1.5988318492223137,-0.03086350340708176,0.35910190411356563,1.3517353986144929,,"Matériau inconnu via la collecte citoyenne. Poids 53.3 kg, volume 97.1 L. Propriétés mixtes. Orientation vers tri manuel.",-0.07673641837091329,1.579947289788864,0.1162509913631698,False,True,False,False,False
-0.14014131250521733,-0.1655185741445285,1.6861838241129887,-0.03086350340708176,0.35910190411356563,1.768575592824659,,"Lot de déchets non identifiés en provenance de l'Usine A. Masse 63.0 kg. Comportement physique atypique, classification incertaine. Odeur inhabituelle signalée par l'agent.",-0.11096049543366755,1.5799472972978832,0.31878050886718123,False,False,True,False,False
-0.8718297557477587,-0.8427558970674073,-0.5499211374365451,-0.03086350340708176,-0.9359812995108955,-0.686450693081167,,Déchet inclassifiable détecté au centre de tri municipal. Masse estimée non mesuré kg. Agent de tri recommande contrôle visuel supplémentaire. Lot conforme aux standards de tri.,-0.21090743123756486,0.18253271694152393,-1.1462646865712531,True,False,False,False,False
-0.8581522763634599,-0.847088974367264,-0.5499211374365451,-0.03086350340708176,-0.9359812995108955,-0.8456654012056013,,"Matériau inconnu au centre de tri municipal. Poids 13.9 kg, volume 31.6 L. Propriétés mixtes. Orientation vers tri manuel.",-0.17690687309708983,-0.591627304420353,-1.1205338992006837,True,False,False,False,False
-0.14950262474605094,0.21390575490248293,1.6618104939137415,-0.03086350340708176,0.35910190411356563,1.7409977275569009,,Déchet inclassifiable détecté issu de la collecte citoyenne. Masse estimée 62.3 kg. Agent de tri recommande contrôle visuel supplémentaire. Étiquetage absent sur le conteneur.,-0.25190218569328343,1.5799472968730754,0.4873591214012217,False,True,False,False,False
-0.7888808182250384,-0.8731968621951298,-0.5499211374365451,-0.03086350340708176,-1.583522901323126,-0.8116538066360985,,"Déchet non catégorisé collecté en provenance de l'Usine A. Poids 18.6 kg, volume 28.1 L. Caractéristiques ambiguës. Nécessite analyse complémentaire.",0.02838758399259013,-0.5916272964753357,-1.0325979794582774,False,False,True,False,False
-0.08266927176090749,-0.18645962454899,1.8494764301517836,-0.03086350340708176,0.35910190411356563,1.9378847831960893,,"Lot de déchets non identifiés à l'Usine B. Masse 66.9 kg. Comportement physique atypique, classification incertaine. Traces d'humidité détectées.",-0.06997079510672487,1.5799472997278265,0.3375452742779838,False,False,False,True,False
-0.7078647278012619,-0.7165296720889173,-0.5499211374365451,-0.14117634634410728,-0.9359812995108955,-0.5982812900737446,,Déchet inclassifiable détecté depuis l'Usine B. Masse estimée 24.2 kg. Agent de tri recommande contrôle visuel supplémentaire. Étiquetage absent sur le conteneur.,-0.12895306544209578,-0.15731238673662437,-0.6221727853727529,False,False,False,True,False
-0.9400343744193166,-0.822708880994004,-0.5499211374365451,-0.03086350340708176,-1.2597521004170107,-0.8858686941117658,,"Matériau inconnu au Centre de Tri. Poids 8.3 kg, volume 34.9 L. Propriétés mixtes. Orientation vers tri manuel.",-0.3623157111393908,-0.5916273255057505,-1.329113997633352,True,False,False,False,False
-0.9480300359788103,-0.8603956021955718,-0.5499211374365451,-0.03086350340708176,-0.9359812995108955,-0.795070600026377,,"Lot de déchets non identifiés sans localisation enregistrée. Masse 7.8 kg. Comportement physique atypique, classification incertaine. Traces d'humidité détectées.",-0.34204820432541916,0.14729510873906906,-1.4415138610011422,False,False,False,False,True
1.040617551958292,1.524844404657989,-0.5499211374365451,-0.20422317495602924,1.3304143068319114,-0.18262457724158765,,"Lot de déchets non identifiés depuis l'Usine B. Masse non mesuré kg. Comportement physique atypique, classification incertaine. Traces d'humidité détectées.",-0.2038375775106552,-0.7049257629854807,1.2568088370823605,False,False,False,True,False
-0.4928461510144519,-0.6064871857393226,-0.5499211374365451,-0.10587882158484925,-0.6122104986047802,-0.38713733973358966,,"Déchet non catégorisé collecté au Centre de Tri. Poids 38.9 kg, volume 63.9 L. Caractéristiques ambiguës. Nécessite analyse complémentaire.",-0.02213718179158775,-0.15731237314385663,-0.2521512099600321,True,False,False,False,False
-0.7570999564457196,-0.8080913015877226,-0.5499211374365451,-0.03086350340708176,-1.2597521004170107,-0.7960497206971588,,"Déchet non catégorisé collecté lors d'une collecte citoyenne. Poids 20.8 kg, volume 36.8 L. Caractéristiques ambiguës. Nécessite analyse complémentaire.",-0.062038960017572524,-0.5916272940406249,-0.8416534704876051,False,True,False,False,False
1.2490653087765826,1.3013715312859018,-0.02482845838089619,-0.1815132727762077,1.3304143068319114,-0.2648136148611484,,"Matériau inconnu en provenance de l'Usine A. Poids 157.9 kg, volume 319.9 L. Propriétés mixtes. Orientation vers tri manuel.",-0.12758194789246757,-0.7653532437585892,1.2592873413135686,False,False,True,False,False
-0.857534638282799,-0.7586098475472071,-0.5499211374365451,-0.15526500519820227,-0.6122104986047802,-0.7452541545507627,,"Déchet non catégorisé collecté depuis le Centre de Tri. Poids 13.9 kg, volume 43.5 L. Caractéristiques ambiguës. Nécessite analyse complémentaire.",-0.2864204318768782,-0.1573124131218483,-0.9592096521333753,True,False,False,False,False
0.0882101857408587,0.10568407159930282,1.728804376226234,-0.03086350340708176,1.3304143068319114,2.4412854320341504,,"Lot de déchets non identifiés à l'Usine A. Masse 78.6 kg. Comportement physique atypique, classification incertaine. Poids anormalement élevé pour cette catégorie.",-0.1283421928820952,1.5799473055176125,0.5598273809515486,False,False,True,False,False
-0.6809091195566207,-0.7921196170411725,-0.5499211374365451,-0.14833858859792834,-0.2884396976986649,-0.571811420848267,,"Lot de déchets non identifiés à l'Usine B. Masse 26.0 kg. Comportement physique atypique, classification incertaine. Acheminement prioritaire demandé.",0.03217825708368498,-0.157312384190386,-0.7013372834141661,False,False,False,True,False
-0.5885233729891474,-0.4645762343252866,-0.5499211374365451,-0.1396224314197996,-0.2884396976986649,-0.48109046186470195,,"Déchet non catégorisé collecté au Centre de Tri. Poids 32.3 kg, volume 82.9 L. Caractéristiques ambiguës. Nécessite analyse complémentaire.",-0.22292728253057306,-0.15731237766588244,-0.21368374022193493,True,False,False,False,False
2.22862178075924,2.3369191526914355,-0.5499211374365451,-0.21018070135936365,1.3304143068319114,0.023757855799387384,,"Matériau inconnu en provenance de l'Usine B. Poids 224.9 kg, volume 458.9 L. Propriétés mixtes. Orientation vers tri manuel.",-0.130885793777674,-0.765353243267308,1.6175665690162149,False,False,False,True,False
-0.7798317360185615,-0.7464320756839468,-0.5499211374365451,-0.1749474206922847,-0.6122104986047802,-0.6689514555833471,,"Matériau inconnu au centre de tri municipal. Poids 19.2 kg, volume non mesuré L. Propriétés mixtes. Orientation vers tri manuel.",-0.188917604855615,-0.1573123959227845,-0.7789622929355556,True,False,False,False,False
0.7815184541909729,0.713913614081461,-0.5499211374365451,-0.20430991476732951,1.3304143068319114,-0.4025501183599133,,"Matériau inconnu via la collecte citoyenne. Poids 126.0 kg, volume 241.1 L. Propriétés mixtes. Orientation vers tri manuel.",-0.10106115356867724,-0.7653532441772053,1.0039284000138606,False,True,False,False,False
-0.21076424695707552,-0.2690631661298354,1.9136509952683824,-0.03086350340708176,1.006643505925796,1.5605246571201978,,Déchet inclassifiable détecté depuis le Centre de Tri. Masse estimée 58.1 kg. Agent de tri recommande contrôle visuel supplémentaire. Poids anormalement élevé pour cette catégorie.,-0.09174230790699928,1.5799472938622803,0.2186706779769378,True,False,False,False,False
-0.8541145594833733,-1.0633916757424502,-0.5499211374365451,-0.03086350340708176,-1.583522901323126,-0.8189087763950846,,Déchet inclassifiable détecté via la collecte citoyenne. Masse estimée non mesuré kg. Agent de tri recommande contrôle visuel supplémentaire. Odeur inhabituelle signalée par l'agent.,4.51731963965236,-0.4859187394246824,-2.3600328441748153,False,True,False,False,False
-0.7028595847694724,-0.5279733489598554,-0.5499211374365451,-0.13681998009211982,-0.2884396976986649,-0.5933663395260191,,"Lot de déchets non identifiés issu de la collecte citoyenne. Masse 24.5 kg. Comportement physique atypique, classification incertaine. Étiquetage absent sur le conteneur.",-0.27844880812532935,-0.1573123862348936,-0.40675637419104865,False,True,False,False,False
-0.7404637602174389,-0.7456359521307194,-0.5499211374365451,-0.03086350340708176,-1.2597521004170107,-0.7878815143896732,,Déchet inclassifiable détecté en provenance de l'Usine B. Masse estimée 21.9 kg. Agent de tri recommande contrôle visuel supplémentaire. Étiquetage absent sur le conteneur.,-0.13516566183687223,-0.5916272929583936,-0.7122014500069136,False,False,False,True,False
-0.7493216442017061,-0.800952109408986,-0.5499211374365451,-0.13647386297838318,-0.2884396976986649,-0.6389911544423025,,"Lot de déchets non identifiés depuis le Centre de Tri. Masse 21.3 kg. Comportement physique atypique, classification incertaine. Lot conforme aux standards de tri.",-0.06227451602041299,-0.15731239151105222,-0.8161363406846065,True,False,False,False,False
0.3539302874811331,0.18395418807882852,1.7387694340321345,-0.03086350340708176,0.35910190411356563,2.905748707259739,,"Lot de déchets non identifiés à l'Usine A. Masse 96.7 kg. Comportement physique atypique, classification incertaine. Traces d'humidité détectées.",-0.05816868043310353,1.3809957681047806,0.6961365237967838,False,False,True,False,False
1.9808871606011547,2.055377549732374,-0.5499211374365451,-0.18149503608698875,1.006643505925796,-0.049223279762763014,,Déchet inclassifiable détecté depuis l'Usine B. Masse estimée 207.9 kg. Agent de tri recommande contrôle visuel supplémentaire. Légère contamination observée.,-0.1274330290052862,-0.765353243361668,1.535189739380908,False,False,False,True,False
-0.7789476432446721,-0.7403933620022008,-0.5499211374365451,-0.14219783426151533,-0.6122104986047802,-0.6680832941270871,,"Matériau inconnu lors d'une collecte citoyenne. Poids 19.3 kg, volume 45.9 L. Propriétés mixtes. Orientation vers tri manuel.",-0.19463030885418328,-0.15731239578153774,-0.7684652331000342,False,True,False,False,False
1.6367711192851742,1.6774045222462588,-0.5499211374365451,-0.1917071021100351,0.6828727050196809,-0.15059780482658405,,"Déchet inclassifiable détecté à l'Usine B. Masse estimée 184.4 kg. Agent de tri recommande contrôle visuel supplémentaire. Volume surestimé, vérification recommandée.",-0.12364399552424243,-0.7653532435214893,1.4105847592734275,False,False,False,True,False
-0.5635144625877495,-0.5115235133821581,-0.5499211374365451,-0.13244120303764645,-0.9359812995108955,-0.45653221106254116,,Déchet inclassifiable détecté issu de la collecte citoyenne. Masse estimée 34.0 kg. Agent de tri recommande contrôle visuel supplémentaire. Lot conforme aux standards de tri.,-0.17299406596619926,-0.15731237631611591,-0.22747202682517187,False,True,False,False,False
-0.5166401361842797,-0.6759325167124731,1.72902200007502,-0.03086350340708176,0.6828727050196809,0.6594326045585142,,"Lot de déchets non identifiés depuis le Centre de Tri. Masse 37.2 kg. Comportement physique atypique, classification incertaine. Matériau mélangé à d'autres déchets.",0.045953428816028964,1.579947268698786,-0.3526768435008019,True,False,False,False,False
2.0474701475595936,1.9998570602602566,-0.5499211374365451,-0.21188134710756637,1.3304143068319114,-0.02960833053101683,,"Matériau inconnu depuis l'Usine B. Poids non mesuré kg, volume 413.7 L. Propriétés mixtes. Orientation vers tri manuel.",-0.10915948484681443,-0.7653532433348293,1.5370945425908944,False,False,False,True,False
-0.630562048080323,-0.7129587032891118,-0.5499211374365451,-0.13846719359218246,-0.2884396976986649,-0.5223716016548597,,"Lot de déchets non identifiés à l'Usine A. Masse 29.5 kg. Comportement physique atypique, classification incertaine. Étiquetage absent sur le conteneur.",-0.03545151693111766,-0.1573123802878367,-0.5181832513354337,False,False,True,False,False
2.0429114447046137,2.1281173143505328,-0.5499211374365451,-0.2121518882687241,0.6828727050196809,-0.030951297092713066,,"Lot de déchets non identifiés depuis le Centre de Tri. Masse non mesuré kg. Comportement physique atypique, classification incertaine. Étiquetage absent sur le conteneur.",-0.1286717327172279,-0.7653532433366302,1.5568107315373672,True,False,False,False,False
2.2840055910382833,2.454385137145216,-0.5499211374365451,-0.19549452527513184,1.006643505925796,0.040073594646642126,,"Déchet non catégorisé collecté depuis le Centre de Tri. Poids 228.7 kg, volume 496.4 L. Caractéristiques ambiguës. Nécessite analyse complémentaire.",-0.1385089688663753,-0.7653532432481243,1.6428851988422533,True,False,False,False,False
-0.8537500077473512,-0.9224047333624207,-0.5499211374365451,-0.05219301685277394,-1.583522901323126,-0.8819601789322703,,Déchet inclassifiable détecté au Centre de Tri. Masse estimée non mesuré kg. Agent de tri recommande contrôle visuel supplémentaire. Acheminement prioritaire demandé.,0.02614775235321155,-0.7554278541612754,-1.3027946573049853,True,False,False,False,False
-0.5894542942590443,-0.4765292851813132,-0.5499211374365451,-0.13319242685396043,-0.2884396976986649,-0.4820046079692806,,"Déchet non catégorisé collecté depuis le Centre de Tri. Poids 32.3 kg, volume 81.3 L. Caractéristiques ambiguës. Nécessite analyse complémentaire.",-0.2165827302727552,-0.157312377718887,-0.224468724803407,True,False,False,False,False
0.12675039555029713,0.05727143943652448,1.5835887965465973,-0.03086350340708176,1.006643505925796,2.5548225821870627,,"Déchet non catégorisé collecté à l'Usine A. Poids 81.2 kg, volume 153.0 L. Caractéristiques ambiguës. Nécessite analyse complémentaire.",-0.09329795297007572,1.5799473065932856,0.5554997309932836,False,False,True,False,False
-0.674460189205286,-0.6498863176295606,-0.5499211374365451,-0.13581118183093097,-0.2884396976986649,-0.5654786999727149,,Déchet inclassifiable détecté à l'Usine A. Masse estimée 26.4 kg. Agent de tri recommande contrôle visuel supplémentaire. Odeur inhabituelle signalée par l'agent.,-0.16247180104944428,-0.15731238363380354,-0.49303626793650324,False,False,True,False,False
-0.21861270908919253,-0.25607736896212113,-0.5499211374365451,-0.11588371608025042,-0.9359812995108955,-0.1178455738370688,,"Matériau inconnu à l'emplacement non spécifié. Poids 57.6 kg, volume 110.9 L. Propriétés mixtes. Orientation vers tri manuel.",-0.10387289472620162,-0.15731236587133987,0.2219663587174657,False,False,False,False,True
1.7364222996224408,1.6111371153992553,-0.5499211374365451,-0.19644729396629504,0.6828727050196809,-0.12124116385132788,,Déchet inclassifiable détecté depuis le Centre de Tri. Masse estimée 191.2 kg. Agent de tri recommande contrôle visuel supplémentaire. Conditionnement non conforme au protocole.,-0.09508808986991585,-0.7653532434711633,1.4165857009117768,True,False,False,False,False
-0.9406861792454847,-0.8721767892102715,-0.5499211374365451,-0.03086350340708176,-0.9359812995108955,-0.8861887237759573,,"Déchet inclassifiable détecté à l'Usine A. Masse estimée 8.3 kg. Agent de tri recommande contrôle visuel supplémentaire. État dégradé, recyclage partiel possible.",-0.3123210775481311,-0.5916273257883315,-1.4374036593884847,False,False,True,False,False
-0.8232329615416315,-0.8427558970674073,-0.5499211374365451,-0.03086350340708176,-0.9359812995108955,-0.8285203661466942,,"Déchet non catégorisé collecté au centre de tri municipal. Poids 16.3 kg, volume 32.2 L. Caractéristiques ambiguës. Nécessite analyse complémentaire.",-0.11605783378757736,-0.5916272998377108,-1.0320380100327589,True,False,False,False,False
1.4992775202303188,1.4028528917518062,-0.5499211374365451,-0.18163393871772707,1.006643505925796,-0.19110259574013136,,"Déchet non catégorisé collecté au Centre de Tri. Poids 175.0 kg, volume 333.5 L. Caractéristiques ambiguës. Nécessite analyse complémentaire.",-0.09900201530287372,-0.7653532435973569,1.331781933020963,True,False,False,False,False
1.5224216193945697,1.366915455182836,-0.5499211374365451,-0.19812956021298422,1.3304143068319114,-0.1842844827226928,,"Lot de déchets non identifiés à l'Usine B. Masse 176.6 kg. Comportement physique atypique, classification incertaine. Conditionnement non conforme au protocole.",-0.08751078900772177,-0.765353243584021,1.3289886463564193,False,False,False,True,False
1.9629652092097511,1.742200390239378,-0.5499211374365451,-0.19794701295732223,0.6828727050196809,-0.054502979318681394,,"Lot de déchets non identifiés au centre de tri municipal. Masse 206.7 kg. Comportement physique atypique, classification incertaine. Odeur inhabituelle signalée par l'agent.",-0.08011718384174388,-0.7653532433690939,1.4794782283009187,True,False,False,False,False
1.5994473076092366,1.511606869348841,-0.5499211374365451,-0.18150898780892472,1.006643505925796,-0.16159317623603645,,"Déchet non catégorisé collecté issu de la collecte citoyenne. Poids 181.9 kg, volume 348.1 L. Caractéristiques ambiguës. Nécessite analyse complémentaire.",-0.1011451677841488,-0.7653532435413088,1.3725167595991528,False,True,False,False,False
2.367304354074059,2.454385137145216,-0.5499211374365451,-0.18193209238557717,1.006643505925796,0.06461291140985483,,"Déchet inclassifiable détecté à l'Usine A. Masse estimée 234.4 kg. Agent de tri recommande contrôle visuel supplémentaire. Volume surestimé, vérification recommandée.",-0.12749244841414992,-0.7653532432204383,1.6552230678215731,False,False,True,False,False
2.07621521439354,1.854288644500908,-0.5499211374365451,-0.20781534661045228,1.3304143068319114,-0.02114020597897543,,"Lot de déchets non identifiés au Centre de Tri. Masse 214.5 kg. Comportement physique atypique, classification incertaine. Traces d'humidité détectées.",-0.08119485538505133,-0.7653532433235947,1.5174418936688001,True,False,False,False,False
-0.2862527540780964,-0.02591425349129806,2.036651214224997,-0.03086350340708176,0.6828727050196809,1.3381400357028124,,Déchet inclassifiable détecté au Centre de Tri. Masse estimée 53.0 kg. Agent de tri recommande contrôle visuel supplémentaire. Lot conforme aux standards de tri.,-0.23775387477664672,1.5799472894977926,0.30325150418061175,True,False,False,False,False
0.8325511428843965,0.7076202312029408,-0.5499211374365451,-0.18937298753033924,1.006643505925796,-0.3875161938754826,,Déchet inclassifiable détecté à l'Usine B. Masse estimée 129.5 kg. Agent de tri recommande contrôle visuel supplémentaire. Odeur inhabituelle signalée par l'agent.,-0.08603862776473575,-0.7653532441214651,1.0158699056817042,False,False,False,True,False
2.660234649935842,2.454385137145216,-0.02482845838089619,-0.1847575285303898,1.3304143068319114,0.15952736903543474,,"Lot de déchets non identifiés en provenance de l'Usine A. Masse 256.4 kg. Comportement physique atypique, classification incertaine. Conditionnement non conforme au protocole.",-0.08875150583794658,-0.7633046785617701,1.696348750118967,False,False,True,False,False
-0.5150966500251589,-0.7145053843927368,-0.5499211374365451,-0.1729338974896918,-0.9359812995108955,-0.4089868856117512,,"Lot de déchets non identifiés à l'Usine A. Masse 37.3 kg. Comportement physique atypique, classification incertaine. Lot conforme aux standards de tri.",0.11364327661208914,-0.15731237405414986,-0.4012500863324356,False,False,True,False,False
-0.8845220425754339,-1.0534416449627169,-0.5499211374365451,-0.03086350340708176,-0.9359812995108955,-0.8586126932274043,,"Déchet inclassifiable détecté en provenance de l'Usine B. Masse estimée 12.1 kg. Agent de tri recommande contrôle visuel supplémentaire. Volume surestimé, vérification recommandée.",2.2753186778681496,-0.5916273090799554,-2.231643600373139,False,False,False,True,False
1.1184149687766531,1.3651066507223795,-0.5499211374365451,-0.19405747511188765,0.6828727050196809,-0.27679433375543233,,"Déchet non catégorisé collecté via la collecte citoyenne. Poids non mesuré kg, volume 328.5 L. Caractéristiques ambiguës. Nécessite analyse complémentaire.",-0.16435700765025116,-0.7545963731675324,1.243323588726441,False,True,False,False,False
-0.14659481787786077,-0.10143076053329228,2.019881936653948,-0.03086350340708176,0.6828727050196809,1.789812138778042,,"Matériau inconnu provenant de l'Usine A. Poids non mesuré kg, volume 131.7 L. Propriétés mixtes. Orientation vers tri manuel.",-0.14474239625718777,1.6188641797760677,0.3491434366439293,False,False,True,False,False
-0.2549474922050866,-0.3114430252564787,-0.5499211374365451,-0.13314991950771504,-0.2884396976986649,-0.15352560556497513,,Déchet inclassifiable détecté à l'Usine B. Masse estimée 55.1 kg. Agent de tri recommande contrôle visuel supplémentaire. Odeur inhabituelle signalée par l'agent.,-0.09165690687537756,-0.1573123665506769,0.165077577323601,False,False,False,True,False
-0.7619164095644436,-0.375345025203144,-0.5499211374365451,-0.1452451904400899,-0.9359812995108955,-0.620894698523305,,"Déchet non catégorisé collecté à l'Usine A. Poids -99.0 kg, volume 94.9 L. Caractéristiques ambiguës. Nécessite analyse complémentaire.",-0.3828160459375646,-0.06733904378531119,-0.37506775903141437,False,False,True,False,False
-0.05640926812719863,-0.010166958144166212,1.6193246151379224,-0.03086350340708176,0.35910190411356563,2.01524518134437,,Déchet inclassifiable détecté lors d'une collecte citoyenne. Masse estimée 68.7 kg. Agent de tri recommande contrôle visuel supplémentaire. Lot conforme aux standards de tri.,-0.1425280592963444,1.5799473007456082,0.44092522004178347,False,True,False,False,False
1.464016017805452,1.3643040561997457,-0.5499211374365451,-0.1959559401977298,1.006643505925796,-0.20149042319417124,,"Lot de déchets non identifiés au Centre de Tri. Masse 172.6 kg. Comportement physique atypique, classification incertaine. Traces d'humidité détectées.",-0.09814986120965248,-0.7653532436181449,1.3169840125653542,True,False,False,False,False
-0.5218822857575297,-0.4703025591104608,-0.5499211374365451,-0.17705730160449573,-0.6122104986047802,-0.4156502444503814,,"Lot de déchets non identifiés à l'Usine B. Masse 36.9 kg. Comportement physique atypique, classification incertaine. Poids anormalement élevé pour cette catégorie.",-0.1686531526251654,-0.15731237434669768,-0.1522404550307872,False,False,False,True,False
2.279628607414842,2.454385137145216,-0.5499211374365451,-0.20960943219121755,1.006643505925796,0.03878416148234831,,"Déchet inclassifiable détecté lors d'une collecte citoyenne. Masse estimée 228.4 kg. Agent de tri recommande contrôle visuel supplémentaire. État dégradé, recyclage partiel possible.",-0.13908783856202703,-0.7653532432496172,1.6422284304134755,False,True,False,False,False
-0.5885233729891474,-0.4645762343252866,-0.5499211374365451,-0.13432147552322055,-0.2884396976986649,-0.48109046186470195,,Déchet inclassifiable détecté au Centre de Tri. Masse estimée 32.3 kg. Agent de tri recommande contrôle visuel supplémentaire. Conditionnement non conforme au protocole.,-0.22292728253057306,-0.15731237766588244,-0.21368374022193493,True,False,False,False,False
1.7434571234120464,1.892764324621078,-0.5499211374365451,-0.20966636129481173,1.006643505925796,-0.11916874689031795,,"Déchet inclassifiable détecté provenant de l'Usine A. Masse estimée 191.7 kg. Agent de tri recommande contrôle visuel supplémentaire. État dégradé, recyclage partiel possible.",-0.13997353016249606,-0.7653532434677458,1.4677316108689047,False,False,True,False,False
-0.5663048203740527,-0.5603535338250795,2.021370721736388,-0.03086350340708176,0.6828727050196809,0.5131234190602473,,Déchet inclassifiable détecté issu de la collecte citoyenne. Masse estimée 33.8 kg. Agent de tri recommande contrôle visuel supplémentaire. Conditionnement non conforme au protocole.,-0.13733631574048022,1.5799472616790742,-0.27512768878809,False,True,False,False,False
-0.8880294588320918,-0.7447605364585139,-0.5499211374365451,-0.03086350340708176,-1.2597521004170107,-0.8685761700205714,,"Déchet non catégorisé collecté à l'Usine B. Poids non mesuré kg, volume 45.3 L. Caractéristiques ambiguës. Nécessite analyse complémentaire.",-0.3407459844071834,-0.6336703656218278,-1.0193663527437578,False,False,False,True,False
-0.43316104701733166,-0.5824629411086383,2.0783636886998265,-0.03086350340708176,1.3304143068319114,0.905357002174405,,Déchet inclassifiable détecté via la collecte citoyenne. Masse estimée 42.9 kg. Agent de tri recommande contrôle visuel supplémentaire. Matériau mélangé à d'autres déchets.,0.006851250023617293,1.5799472779973893,-0.177398416516396,False,True,False,False,False
-0.7818529778134731,-0.8208647754398216,-0.5499211374365451,-0.10711549893461947,-0.2884396976986649,-0.6709362746792032,,"Matériau inconnu sans localisation enregistrée. Poids 19.1 kg, volume 35.1 L. Propriétés mixtes. Orientation vers tri manuel.",-0.08096464239539233,-0.15731239624906307,-0.9080404611079362,False,False,False,False,True
-0.7404637602174389,-0.7456359521307194,-0.5499211374365451,-0.03086350340708176,-1.2597521004170107,-0.7878815143896732,,"Déchet non catégorisé collecté depuis l'Usine B. Poids 21.9 kg, volume 45.2 L. Caractéristiques ambiguës. Nécessite analyse complémentaire.",-0.13516566183687223,-0.5916272929583936,-0.7122014500069136,False,False,False,True,False
-0.5962810254336056,-0.6109272092650284,1.8636657728233899,-0.03086350340708176,1.3304143068319114,0.42481531405279904,,"Matériau inconnu en provenance de l'Usine A. Poids 31.8 kg, volume non mesuré L. Propriétés mixtes. Orientation vers tri manuel.",-0.11949085326929534,1.5799472567167407,-0.35753583469317074,False,False,True,False,False
-0.44410216167281535,-0.2991998095508293,-0.5499211374365451,-0.16228197312470566,-0.2884396976986649,-0.3392717151967106,,"Matériau inconnu au centre de tri municipal. Poids 42.2 kg, volume 105.1 L. Propriétés mixtes. Orientation vers tri manuel.",-0.2122731658874338,-0.15731237137902235,0.03892107187603238,True,False,False,False,False
-0.11904321437182872,-0.15744733316814272,1.9699196418662634,-0.03086350340708176,1.006643505925796,1.8307293264850508,,"Déchet non catégorisé collecté depuis l'Usine B. Poids 64.4 kg, volume 124.1 L. Caractéristiques ambiguës. Nécessite analyse complémentaire.",-0.10439238702383266,1.5799472982243514,0.33453401715249476,False,False,False,True,False
-0.4883964108631589,-0.5639573989962721,-0.5499211374365451,-0.13681639838777268,0.10008526338867346,-0.3827677837279115,,"Déchet non catégorisé collecté lors d'une collecte citoyenne. Poids 39.2 kg, volume non mesuré L. Caractéristiques ambiguës. Nécessite analyse complémentaire.",-0.06396327204433536,-0.15731237297029518,-0.20532012785550327,False,True,False,False,False
0.11911830635224067,-0.746227038212025,-0.5499211374365451,-0.03086350340708176,-1.2597521004170107,-0.8875066555267226,,Déchet inclassifiable détecté issu de la collecte citoyenne. Masse estimée 80.7 kg. Agent de tri recommande contrôle visuel supplémentaire. Traces d'humidité détectées.,1.0616020158090145,-0.9825107038308847,-0.06008403420869153,False,True,False,False,False
1.6483671341210033,1.5228990602293893,-0.5499211374365451,-0.1858033120084222,1.006643505925796,-0.1471816882976375,,"Matériau inconnu lors d'une collecte citoyenne. Poids 185.2 kg, volume 349.7 L. Propriétés mixtes. Orientation vers tri manuel.",-0.09444182582005757,-0.7653532435154428,1.3838348466640582,False,True,False,False,False
-0.6017297824863684,-0.5285304434807822,-0.5499211374365451,-0.10956035891432377,-0.2884396976986649,-0.49405889237300044,,"Lot de déchets non identifiés en provenance de l'Usine B. Masse 31.4 kg. Comportement physique atypique, classification incertaine. Volume surestimé, vérification recommandée.",-0.19274050803541454,-0.15731237843790508,-0.2826822618006585,False,False,False,True,False
1.3410408307275663,1.571596881691131,-0.5499211374365451,-0.18352055341985765,0.6828727050196809,2.905748707259739,,"Lot de déchets non identifiés lors d'une collecte citoyenne. Masse 164.2 kg. Comportement physique atypique, classification incertaine. Poids anormalement élevé pour cette catégorie.",-0.15753303813731487,0.39204763065021053,1.332738093074236,False,True,False,False,False
1.4861298532325673,1.7328518832131672,-0.5499211374365451,-0.18215185249913288,1.006643505925796,-0.1949758197040514,,"Déchet non catégorisé collecté en provenance de l'Usine A. Poids 174.1 kg, volume 377.8 L. Caractéristiques ambiguës. Nécessite analyse complémentaire.",-0.15767965783268487,-0.7653532436050406,1.3917438950411698,False,False,True,False,False
0.16664639074182852,0.11532209552892793,1.8598132746503964,-0.03086350340708176,1.3304143068319114,2.672353794885637,,"Lot de déchets non identifiés en provenance de l'Usine B. Masse 83.9 kg. Comportement physique atypique, classification incertaine. Légère contamination observée.",-0.1013525140196715,1.57994730763568,0.5969873363007918,False,False,False,True,False
-0.7803105075898665,-0.9294376384778478,-0.5499211374365451,-0.15673041877024732,-0.6122104986047802,-0.6694215997094342,,"Déchet non catégorisé collecté au centre de tri municipal. Poids 19.2 kg, volume 20.5 L. Caractéristiques ambiguës. Nécessite analyse complémentaire.",0.2786163904264608,-0.157312395999646,-1.1738201576989808,True,False,False,False,False
-0.6456725373886957,-0.6627805297099285,-0.5499211374365451,-0.11443135171635016,-0.2884396976986649,-0.5372098005296754,,"Matériau inconnu lors d'une collecte citoyenne. Poids 28.4 kg, volume 56.3 L. Propriétés mixtes. Orientation vers tri manuel.",-0.11752407374955803,-0.1573123813598267,-0.4722349387633251,False,True,False,False,False
-0.4610322159917817,-0.6338059804640621,1.6420331853364871,-0.03086350340708176,1.006643505925796,0.8232502074154833,,"Lot de déchets non identifiés via la collecte citoyenne. Masse 41.0 kg. Comportement physique atypique, classification incertaine. Conditionnement non conforme au protocole.",0.04506481181773748,1.5799472751804031,-0.25449339842478885,False,True,False,False,False
0.8325883186335976,0.5391187102857652,-0.5499211374365451,-0.19115920962739485,0.6828727050196809,-0.3875052421223915,,"Déchet non catégorisé collecté via la collecte citoyenne. Poids 129.5 kg, volume 217.6 L. Caractéristiques ambiguës. Nécessite analyse complémentaire.",-0.034598871741032926,-0.7653532441214256,0.9662858350090782,False,True,False,False,False
-0.3799188406250149,-0.2710654045777124,-0.5499211374365451,-0.15052688247126086,-0.2884396976986649,-0.27624497511452845,,Déchet inclassifiable détecté via la collecte citoyenne. Masse estimée non mesuré kg. Agent de tri recommande contrôle visuel supplémentaire. Traces d'humidité détectées.,-0.1880549929140432,-0.1573123694402538,0.10623203381830214,False,True,False,False,False
-0.785583133953665,-1.0633916757424502,-0.5499211374365451,-0.03086350340708176,-1.583522901323126,-0.8100346765719955,,"Déchet non catégorisé collecté en provenance de l'Usine A. Poids 18.9 kg, volume 2.5 L. Caractéristiques ambiguës. Nécessite analyse complémentaire.",6.202677789665326,-0.5916272961966157,-2.2201177378448422,False,False,True,False,False
-0.4409356302731588,-0.24090119323587347,-0.5499211374365451,-0.1334120759422995,-0.2884396976986649,-0.5879534895354577,,"Lot de déchets non identifiés depuis le Centre de Tri. Masse 42.4 kg. Comportement physique atypique, classification incertaine. Étiquetage absent sur le conteneur.",-0.2360546176778787,-0.5162661722164006,0.07749612188851575,True,False,False,False,False
1.818830919489058,1.7935846267149333,-0.5499211374365451,-0.20777493430256053,1.3304143068319114,-0.09696407793520767,,"Matériau inconnu depuis l'Usine B. Poids non mesuré kg, volume 386.0 L. Propriétés mixtes. Orientation vers tri manuel.",-0.11250741906455851,-0.7653532434321759,1.4640262004453861,False,False,False,True,False
-0.8703321215722206,-0.9494051794765724,-0.5499211374365451,-0.03086350340708176,-1.583522901323126,-0.8516455836399294,,"Déchet non catégorisé collecté lors d'une collecte citoyenne. Poids 13.1 kg, volume 17.9 L. Caractéristiques ambiguës. Nécessite analyse complémentaire.",0.09107425244599789,-0.5916273064127457,-1.4367524623666879,False,True,False,False,False
0.3521319637616575,-0.9596465298446324,-0.5499211374365451,-0.03086350340708176,-0.9359812995108955,-0.8760659175114642,,Déchet inclassifiable détecté à l'Usine A. Masse estimée 96.6 kg. Agent de tri recommande contrôle visuel supplémentaire. Matériau mélangé à d'autres déchets.,4.8048904410266555,-0.9825107037421605,-0.47490575835649973,False,False,True,False,False
-0.14377936112063594,-0.2632375045187746,2.0783636886998265,-0.03086350340708176,1.006643505925796,1.7578581194648948,,"Déchet non catégorisé collecté à l'Usine B. Poids 62.7 kg, volume 109.9 L. Caractéristiques ambiguës. Nécessite analyse complémentaire.",-0.0569727022589427,1.5799472971338218,0.26026950077009836,False,False,False,True,False
0.15935287793998687,0.24385689364622895,1.8736821113696216,-0.03086350340708176,1.3304143068319114,2.6508675429368456,,Déchet inclassifiable détecté depuis le Centre de Tri. Masse estimée 83.4 kg. Agent de tri recommande contrôle visuel supplémentaire. Matériau mélangé à d'autres déchets.,-0.15040505455872305,1.5799473074502062,0.6451339442213377,True,False,False,False,False
-0.4448017068469427,-0.5855959244807212,-0.5499211374365451,-0.12644924435754268,-0.2884396976986649,-0.3399586545938265,,"Matériau inconnu au centre de tri municipal. Poids 42.1 kg, volume 66.7 L. Propriétés mixtes. Orientation vers tri manuel.",-0.0004016723332590984,-0.1573123714023767,-0.18992969591153816,True,False,False,False,False
2.136876162286211,2.109070939906128,-0.5499211374365451,-0.2083131647533668,1.3304143068319114,-0.003269853992408303,,"Matériau inconnu à l'Usine A. Poids 218.6 kg, volume 428.3 L. Propriétés mixtes. Orientation vers tri manuel.",-0.11220085217957723,-0.7653532433005489,1.5687850440727649,False,False,True,False,False
-0.13293025478315948,-0.24335635755392881,1.9684208698169992,-0.03086350340708176,0.35910190411356563,1.7898189370461568,,Déchet inclassifiable détecté en provenance de l'Usine A. Masse estimée 63.5 kg. Agent de tri recommande contrôle visuel supplémentaire. Traces d'humidité détectées.,-0.06334012944199853,1.579947297619275,0.27819291483078695,False,False,True,False,False
-0.9558405684157524,-0.9154255574987964,-0.5499211374365451,-0.03086350340708176,-1.583522901323126,-0.8936293776074048,,"Déchet non catégorisé collecté à l'Usine A. Poids 7.2 kg, volume non mesuré L. Caractéristiques ambiguës. Nécessite analyse complémentaire.",-0.28519622410231416,-0.5916273333418491,-1.619282943472446,False,False,True,False,False
1.4369253337910215,1.3641816780828822,-0.5499211374365451,-0.18425678503509227,0.6828727050196809,-0.20947117647470545,,"Lot de déchets non identifiés provenant de l'Usine A. Masse 170.8 kg. Comportement physique atypique, classification incertaine. Volume surestimé, vérification recommandée.",-0.10330504857834708,-0.7653532436345144,1.311548587609662,False,False,True,False,False
-0.6083934050666029,-0.8444682659337615,-0.5499211374365451,-0.12084387923857932,-0.9359812995108955,-0.5006024367317818,,"Matériau inconnu en provenance de l'Usine B. Poids 31.0 kg, volume 31.9 L. Propriétés mixtes. Orientation vers tri manuel.",0.30962208383518686,-0.1573123788445336,-0.7135758189554697,False,False,False,True,False
-0.7256920523182357,-0.8452937174256246,-0.5499211374365451,-0.13791875012079002,-0.9359812995108955,-0.6157873668916648,,"Déchet non catégorisé collecté à l'Usine B. Poids 22.9 kg, volume 31.8 L. Caractéristiques ambiguës. Nécessite analyse complémentaire.",0.0813324732704734,-0.15731238864522457,-0.8654600371607071,False,False,False,True,False
1.0227056273801285,1.2556050059257013,-0.5499211374365451,-0.18844930410226443,1.3304143068319114,-0.33149782146601436,,"Déchet non catégorisé collecté depuis le Centre de Tri. Poids 142.5 kg, volume 313.8 L. Caractéristiques ambiguës. Nécessite analyse complémentaire.",-0.16399361364537712,-0.7653532439378053,1.1978384632089123,True,False,False,False,False
2.660234649935842,2.454385137145216,-0.5499211374365451,-0.1847575285303898,1.3304143068319114,0.15952736903543474,,"Déchet non catégorisé collecté provenant de l'Usine A. Poids 256.4 kg, volume 521.0 L. Caractéristiques ambiguës. Nécessite analyse complémentaire.",-0.08875150583794658,-0.7633046785617701,1.696348750118967,False,False,True,False,False
-0.30349023712115447,-0.16419054590746482,1.5892736600957853,-0.03086350340708176,1.006643505925796,1.2873594429090833,,"Matériau inconnu au Centre de Tri. Poids 51.8 kg, volume 123.2 L. Propriétés mixtes. Orientation vers tri manuel.",-0.19485205446973344,1.579947288379254,0.22161114957779807,True,False,False,False,False
-0.8151916531257284,-0.8427571010044028,-0.5499211374365451,-0.1488871961873137,-0.9359812995108955,-0.7036741883503406,,"Matériau inconnu au Centre de Tri. Poids 16.8 kg, volume 32.2 L. Propriétés mixtes. Orientation vers tri manuel.",-0.10036066268532594,-0.1573124024035832,-1.0154154228289676,True,False,False,False,False
-0.5336935861385482,-0.34948188941202807,-0.5499211374365451,-0.14926324554775602,-0.6122104986047802,-0.4272487056548526,,"Lot de déchets non identifiés provenant de l'Usine A. Masse 36.1 kg. Comportement physique atypique, classification incertaine. Légère contamination observée.",-0.24415703016053653,-0.15731237487386077,-0.07300002645069444,False,False,True,False,False
-0.14659481787786077,-0.10143076053329228,2.019881936653948,-0.03086350340708176,0.6828727050196809,1.789812138778042,,"Déchet non catégorisé collecté provenant de l'Usine A. Poids non mesuré kg, volume 131.7 L. Caractéristiques ambiguës. Nécessite analyse complémentaire.",-0.14474239625718777,1.6188641797760677,0.3491434366439293,False,False,True,False,False
-0.7077592296054365,-0.7476930066733314,-0.5499211374365451,-0.11857212761304525,-0.2884396976986649,-0.5981776929513323,,"Matériau inconnu à l'Usine A. Poids 24.2 kg, volume 44.9 L. Propriétés mixtes. Orientation vers tri manuel.",-0.08672311765762625,-0.15731238672590248,-0.6666419003316539,False,False,True,False,False
-0.704526620593898,-0.375345025203144,-0.5499211374365451,-0.1452451904400899,-0.9359812995108955,-0.5184256421171328,,"Matériau inconnu sans localisation enregistrée. Poids -99.0 kg, volume 94.9 L. Propriétés mixtes. Orientation vers tri manuel.",-0.34485045087706223,0.03248495341836266,-0.28716426046219823,False,False,False,False,True
-0.6489227912355245,-0.1864022797267527,-0.5499211374365451,-0.16949332890737498,-0.2884396976986649,-0.540401484927755,,"Déchet non catégorisé collecté au Centre de Tri. Poids 28.2 kg, volume 120.3 L. Caractéristiques ambiguës. Nécessite analyse complémentaire.",-0.36561021974852903,-0.15731238160067423,-0.0957914224050183,True,False,False,False,False
1.9421944957318518,2.050828733175485,-0.5499211374365451,-0.1778771780036227,1.006643505925796,-0.06062190712572684,,"Lot de déchets non identifiés depuis l'Usine B. Masse 205.3 kg. Comportement physique atypique, classification incertaine. Poids anormalement élevé pour cette catégorie.",-0.13255092832416163,-0.7653532433778111,1.5280409289128238,False,False,False,True,False
-0.056348744177089904,0.12011878580764632,1.9367929993494815,-0.03086350340708176,1.3304143068319114,2.015423481276968,,"Matériau inconnu provenant de l'Usine A. Poids 68.7 kg, volume 161.4 L. Propriétés mixtes. Orientation vers tri manuel.",-0.1900047292032485,1.5799473007478924,0.49847709754339653,False,False,True,False,False
-0.9520433832609346,-0.8577330346720063,-0.5499211374365451,-0.03086350340708176,-1.583522901323126,-0.8917649975948905,,"Matériau inconnu via la collecte citoyenne. Poids 7.5 kg, volume 30.2 L. Propriétés mixtes. Orientation vers tri manuel.",-0.3532346267990773,-0.5916273312526721,-1.4535575464311745,False,True,False,False,False
-0.8811521493087022,-0.7711345792097951,-0.5499211374365451,-0.03086350340708176,-0.9359812995108955,-0.8569581092672753,,"Matériau inconnu issu de la collecte citoyenne. Poids 12.3 kg, volume 41.8 L. Propriétés mixtes. Orientation vers tri manuel.",-0.3100592050205817,-0.591627308408515,-1.0406130835669474,False,True,False,False,False
-0.7701872548647717,-0.6016141649928063,-0.5499211374365451,-0.03086350340708176,-0.9359812995108955,-0.802475453600737,,"Lot de déchets non identifiés via la collecte citoyenne. Masse 19.9 kg. Comportement physique atypique, classification incertaine. État dégradé, recyclage partiel possible.",-0.29761707583482744,-0.59162729497888,-0.5824629771770001,False,True,False,False,False
-0.7186256373539218,-0.9624914803326833,-0.5499211374365451,-0.16969276045493903,-0.9359812995108955,-0.6088482884520034,,"Lot de déchets non identifiés issu de la collecte citoyenne. Masse 23.4 kg. Comportement physique atypique, classification incertaine. Traces d'humidité détectées.",0.7561442714359848,-0.15731238786494303,-1.1963654884423793,False,True,False,False,False
-0.5663048203740527,-0.5603535338250795,2.021370721736388,-0.03086350340708176,0.6828727050196809,0.5131234190602473,,"Matériau inconnu issu de la collecte citoyenne. Poids 33.8 kg, volume 70.1 L. Propriétés mixtes. Orientation vers tri manuel.",-0.13733631574048022,1.5799472616790742,-0.27512768878809,False,True,False,False,False
-0.8593591078668185,-0.8479436138204907,-0.5499211374365451,-0.03086350340708176,-1.2597521004170107,-0.8462579434287478,,"Matériau inconnu via la collecte citoyenne. Poids 13.8 kg, volume 31.5 L. Propriétés mixtes. Orientation vers tri manuel.",-0.1778416905686398,-0.5916273046070475,-1.1253353718460968,False,True,False,False,False
2.660234649935842,-0.3777044742366053,1.397755325670178,-0.061211745284802145,0.6828727050196809,0.832130738132373,,"Matériau inconnu depuis le Centre de Tri. Poids 412.4 kg, volume 94.6 L. Propriétés mixtes. Orientation vers tri manuel.",1.8893141922212706,-0.6034392694688423,0.887091183104388,True,False,False,False,False
-0.7787984157695743,-0.7081535444383756,-0.5499211374365451,-0.03086350340708176,-1.2597521004170107,-0.8067034476597282,,Déchet inclassifiable détecté au Centre de Tri. Masse estimée 19.3 kg. Agent de tri recommande contrôle visuel supplémentaire. Acheminement prioritaire demandé.,-0.22772284833743697,-0.5916272956436288,-0.7230590553876908,True,False,False,False,False
-0.5962810254336056,-0.5351300132131597,1.8336718670248362,-0.03086350340708176,1.3304143068319114,0.42481531405279904,,"Lot de déchets non identifiés en provenance de l'Usine A. Masse 31.8 kg. Comportement physique atypique, classification incertaine. Lot conforme aux standards de tri.",-0.18340217173003884,1.5799472567167407,-0.2827842547544559,False,False,True,False,False
-0.480972624401017,-0.5747629530479154,-0.5499211374365451,-0.14051341963426553,-0.2884396976986649,-0.3754777736110063,,"Déchet non catégorisé collecté au centre de tri municipal. Poids 39.7 kg, volume 68.1 L. Caractéristiques ambiguës. Nécessite analyse complémentaire.",-0.04611855685145428,-0.15731237268665457,-0.20942718758492793,True,False,False,False,False
-0.6305081402283803,-0.6792364327508399,-0.5499211374365451,-0.16320374331363222,-0.9359812995108955,-0.5223186652203266,,"Matériau inconnu à l'Usine B. Poids 29.5 kg, volume 54.1 L. Propriétés mixtes. Orientation vers tri manuel.",-0.08101560208908198,-0.15731238028414726,-0.4743303740998791,False,False,False,True,False
-0.8501824752279835,-0.7624884202043274,0.4684713936701699,-0.03086350340708176,-0.8064729791484494,-0.8417523083921409,,"Lot de déchets non identifiés en provenance de l'Usine A. Masse 14.4 kg. Comportement physique atypique, classification incertaine. Acheminement prioritaire demandé.",-0.2721002659699278,-0.5916273032410005,-0.9475029777131257,False,False,True,False,False
-0.46880900366046546,-0.35513418115642553,1.5851349343550254,-0.03086350340708176,1.006643505925796,0.8003402566494535,,"Matériau inconnu en provenance de l'Usine B. Poids 40.5 kg, volume 97.6 L. Propriétés mixtes. Orientation vers tri manuel.",-0.19980864930774783,1.579947274347108,-0.018726224942834803,False,False,False,True,False
-0.2699905354054723,-0.05723701710992431,1.686756931067871,-0.03086350340708176,1.006643505925796,1.38604755806407,,"Déchet non catégorisé collecté au centre de tri municipal. Poids non mesuré kg, volume 137.6 L. Caractéristiques ambiguës. Nécessite analyse complémentaire.",-0.21984802865240097,1.5799472905083796,0.29856949427293417,True,False,False,False,False
-0.09811258156484076,-0.28428327392859837,2.0352141614533323,-0.03086350340708176,0.6828727050196809,1.8923897173223758,,"Déchet non catégorisé collecté issu de la collecte citoyenne. Poids 65.8 kg, volume 107.1 L. Caractéristiques ambiguës. Nécessite analyse complémentaire.",-0.016392391349103502,1.5799472991033643,0.27157491588653226,False,True,False,False,False
-0.8394018967859984,-1.0215266750600387,-0.5499211374365451,-0.03086350340708176,-1.2597521004170107,-0.8364591519746618,,"Lot de déchets non identifiés en provenance de l'Usine B. Masse 15.2 kg. Comportement physique atypique, classification incertaine. Acheminement prioritaire demandé.",1.124746319460125,-0.5916273017804412,-1.7516119864834392,False,False,False,True,False
-0.673930854483199,-0.454734264323316,-0.5499211374365451,-0.12544827022847066,-0.2884396976986649,-0.5649589038418696,,"Déchet inclassifiable détecté depuis le Centre de Tri. Masse estimée 26.5 kg. Agent de tri recommande contrôle visuel supplémentaire. Volume surestimé, vérification recommandée.",-0.2921877301224362,-0.1573123835889415,-0.30564170136741153,True,False,False,False,False
1.8465540015552715,2.0115317674501902,-0.5499211374365451,-0.1920963422143273,1.3304143068319114,-0.08879702397567671,,"Déchet non catégorisé collecté depuis le Centre de Tri. Poids 198.8 kg, volume 415.2 L. Caractéristiques ambiguës. Nécessite analyse complémentaire.",-0.14131490450475737,-0.7653532434195569,1.5054760509466472,True,False,False,False,False
0.003401777794820709,0.1886987737017232,2.0724589390494312,-0.03086350340708176,1.3304143068319114,2.191444940900116,,Déchet inclassifiable détecté au centre de tri municipal. Masse estimée 72.8 kg. Agent de tri recommande contrôle visuel supplémentaire. Odeur inhabituelle signalée par l'agent.,-0.18911003577853008,1.579947302876378,0.5552659166225112,True,False,False,False,False
-0.8110035268086341,-0.5172579708266333,-0.5499211374365451,-0.03086350340708176,-0.9359812995108955,-0.8225158357509034,,"Matériau inconnu depuis l'Usine B. Poids 17.1 kg, volume 75.8 L. Propriétés mixtes. Orientation vers tri manuel.",-0.37369018475136034,-0.5916272985349518,-0.5771210298283286,False,False,False,True,False
-0.27978905341205795,-0.3664461248863265,1.8526958121988204,-0.03086350340708176,0.6828727050196809,1.357181710792079,,"Déchet non catégorisé collecté au centre de tri municipal. Poids 53.4 kg, volume 96.1 L. Caractéristiques ambiguës. Nécessite analyse complémentaire.",-0.07029683823827686,1.5799472899045033,0.1122613003568387,True,False,False,False,False
-0.5240651321707582,-0.7980274289662633,-0.5499211374365451,-0.14520534779656927,-0.2884396976986649,-0.41779375605557567,,"Déchet non catégorisé collecté à l'Usine A. Poids 36.7 kg, volume 38.2 L. Caractéristiques ambiguës. Nécessite analyse complémentaire.",0.30289077584402807,-0.15731237444237683,-0.538646172508066,False,False,True,False,False
-0.21420283038756166,-0.10921972878209966,1.6040185130828133,-0.03086350340708176,1.006643505925796,1.550394796250452,,"Déchet inclassifiable détecté provenant de l'Usine A. Masse estimée 57.9 kg. Agent de tri recommande contrôle visuel supplémentaire. État dégradé, recyclage partiel possible.",-0.17374610829509057,1.5799472936803802,0.3066345910146077,False,False,True,False,False
-0.8442766117197407,-0.8202854803619489,-0.5499211374365451,-0.03086350340708176,-1.583522901323126,-0.838852588354145,,"Matériau inconnu en provenance de l'Usine A. Poids 14.8 kg, volume 35.2 L. Propriétés mixtes. Orientation vers tri manuel.",-0.1934617151388276,-0.5916273024229086,-1.033477050623793,False,False,True,False,False
-0.24876664275890287,-0.24438809005874151,1.6390273935116344,-0.03086350340708176,0.6828727050196809,1.4485718748272007,,"Lot de déchets non identifiés à l'emplacement non spécifié. Masse 55.5 kg. Comportement physique atypique, classification incertaine. Acheminement prioritaire demandé.",-0.12735825813548882,1.5799472917664623,0.21073765467860767,False,False,False,False,True
1.362998000102342,1.5173728556996757,-0.5499211374365451,-0.1849335621321254,1.3304143068319114,-0.23124972627222234,,"Lot de déchets non identifiés au Centre de Tri. Masse 165.7 kg. Comportement physique atypique, classification incertaine. Matériau mélangé à d'autres déchets.",-0.1447511994917045,-0.7653532436810461,1.3269466985301581,True,False,False,False,False
-0.06594830619805261,-0.68591727409251,-0.5499211374365451,-0.17124035364092666,-0.6122104986047802,-0.5599810083297141,,"Lot de déchets non identifiés issu de la collecte citoyenne. Masse non mesuré kg. Comportement physique atypique, classification incertaine. Traces d'humidité détectées.",0.5934305490546447,-0.6834006551175958,-0.06284593027630803,False,True,False,False,False
-0.15482156625516524,-0.14607920548732584,1.736415454592119,-0.03086350340708176,1.006643505925796,1.7253284443910653,,"Lot de déchets non identifiés au Centre de Tri. Masse 62.0 kg. Comportement physique atypique, classification incertaine. Lot conforme aux standards de tri.",-0.12805172156813202,1.5799472966277999,0.3212467677590439,True,False,False,False,False
-0.6937970346198402,-0.7603953115052576,-0.5499211374365451,-0.1584448526863332,-0.9359812995108955,-0.58446709617996,,"Lot de déchets non identifiés en provenance de l'Usine A. Masse 25.1 kg. Comportement physique atypique, classification incertaine. Aucune anomalie signalée.",-0.04694657559704261,-0.15731238536119893,-0.6666262766199618,False,False,True,False,False
1.6865203634294945,1.7608837731879292,-0.5499211374365451,-0.19503909625087626,1.3304143068319114,-0.1359419754205272,,"Déchet non catégorisé collecté à l'Usine B. Poids 187.8 kg, volume 381.6 L. Caractéristiques ambiguës. Nécessite analyse complémentaire.",-0.128886308679784,-0.7653532434959086,1.4346990447903782,False,False,False,True,False
-0.8455483330724256,-1.0633916757424502,-0.5499211374365451,-0.03086350340708176,-1.583522901323126,-0.8394769908456656,,"Matériau inconnu en provenance de l'Usine A. Poids 14.8 kg, volume 1.4 L. Propriétés mixtes. Orientation vers tri manuel.",4.7279844461255385,-0.5916273025952884,-2.3402565017758405,False,False,True,False,False
1.3078459174107004,1.8464453878847522,-0.5499211374365451,-0.2121518882687241,0.6828727050196809,-0.1436727789822566,,"Déchet non catégorisé collecté via la collecte citoyenne. Poids -99.0 kg, volume 393.1 L. Caractéristiques ambiguës. Nécessite analyse complémentaire.",-0.2025687657992869,-0.7265902840397686,1.3751917097096504,False,True,False,False,False
1.3485253352138866,1.4881973126632158,-0.5499211374365451,-0.1902771047064949,1.006643505925796,-0.23551328668011348,,"Matériau inconnu en provenance de l'Usine A. Poids 164.7 kg, volume 345.0 L. Propriétés mixtes. Orientation vers tri manuel.",-0.1424339327452957,-0.7653532436904898,1.3182816059581395,False,False,True,False,False
1.2971755574446604,1.322316256610714,-0.5499211374365451,-0.20369398611858344,1.006643505925796,-0.2506406237074162,,"Lot de déchets non identifiés via la collecte citoyenne. Masse 161.2 kg. Comportement physique atypique, classification incertaine. Lot conforme aux standards de tri.",-0.1221726203699383,-0.7653532437249315,1.2740141062516448,False,True,False,False,False
-0.5962810254336056,-0.5351300132131597,1.8336718670248362,-0.03086350340708176,1.3304143068319114,0.42481531405279904,,"Matériau inconnu à l'emplacement non spécifié. Poids 31.8 kg, volume 73.5 L. Propriétés mixtes. Orientation vers tri manuel.",-0.18340217173003884,1.5799472567167407,-0.2827842547544559,False,False,False,False,True
-0.000568826578717247,-0.075560609415291,1.9880522977973185,-0.03086350340708176,1.3304143068319114,2.179747778191734,,Déchet inclassifiable détecté lors d'une collecte citoyenne. Masse estimée 72.5 kg. Agent de tri recommande contrôle visuel supplémentaire. Poids anormalement élevé pour cette catégorie.,-0.08811120286307704,1.5799473027423707,0.4364842320271436,False,True,False,False,False
-0.73118284354906,-0.6308263362856686,-0.5499211374365451,-0.03086350340708176,-1.583522901323126,-0.7833246769353861,,"Déchet inclassifiable détecté via la collecte citoyenne. Masse estimée 22.6 kg. Agent de tri recommande contrôle visuel supplémentaire. Volume surestimé, vérification recommandée.",-0.23888788241509823,-0.5916272924020259,-0.5508799669657555,False,True,False,False,False
0.8325511428843965,0.7076202312029408,-0.5499211374365451,-0.18937298753033924,1.006643505925796,-0.3875161938754826,,"Déchet non catégorisé collecté en provenance de l'Usine B. Poids 129.5 kg, volume 240.2 L. Caractéristiques ambiguës. Nécessite analyse complémentaire.",-0.08603862776473575,-0.7653532441214651,1.0158699056817042,False,False,False,True,False
2.10264451682635,1.9256502101202155,-0.5499211374365451,-0.1796981313191708,0.6828727050196809,-0.013354291751762776,,"Déchet inclassifiable détecté provenant de l'Usine A. Masse estimée 216.3 kg. Agent de tri recommande contrôle visuel supplémentaire. État dégradé, recyclage partiel possible.",-0.088941078850298,-0.7653532433134452,1.5336941672874724,False,False,True,False,False
-0.9520547669453163,-0.9522348580213316,-0.5499211374365451,-0.03086350340708176,-1.583522901323126,-0.8917705868703049,,"Déchet non catégorisé collecté depuis l'Usine B. Poids 7.5 kg, volume 17.5 L. Caractéristiques ambiguës. Nécessite analyse complémentaire.",-0.18796395477887579,-0.5916273312587185,-1.7257979355036839,False,False,False,True,False
-0.912619675812545,-0.8623390414669707,-0.5499211374365451,-0.03086350340708176,-0.9359812995108955,-0.8724083507132564,,Déchet inclassifiable détecté au Centre de Tri. Masse estimée 10.2 kg. Agent de tri recommande contrôle visuel supplémentaire. Traces d'humidité détectées.,-0.26467572008012186,-0.5916273158621957,-1.310092629834696,True,False,False,False,False
-0.7513363026096879,-0.36653555022130596,-0.5499211374365451,-0.03086350340708176,-0.9359812995108955,-0.7932198241888688,,Déchet inclassifiable détecté via la collecte citoyenne. Masse estimée 21.2 kg. Agent de tri recommande contrôle visuel supplémentaire. Acheminement prioritaire demandé.,-0.37834126147553593,-0.5916272936525366,-0.35145271437466574,False,True,False,False,False
0.07222827602982052,0.04184265979863035,2.0520051291291823,-0.03086350340708176,1.006643505925796,2.394203683087675,,Déchet inclassifiable détecté lors d'une collecte citoyenne. Masse estimée 77.5 kg. Agent de tri recommande contrôle visuel supplémentaire. Poids anormalement élevé pour cette catégorie.,-0.10928982798617201,1.5799473050500972,0.525099826731131,False,True,False,False,False
0.24890093680747755,0.24936578122670128,1.7112679338226622,-0.03086350340708176,0.6828727050196809,2.905748707259739,,Déchet inclassifiable détecté provenant de l'Usine A. Masse estimée 89.6 kg. Agent de tri recommande contrôle visuel supplémentaire. Lot conforme aux standards de tri.,-0.12073457383267583,1.5739242422847484,0.6827222298503388,False,False,True,False,False
2.660234649935842,-0.7980274289662633,-0.5499211374365451,-0.13546244409584546,-0.2884396976986649,-0.41779375605557567,,"Déchet non catégorisé collecté provenant de l'Usine A. Poids 367.3 kg, volume 38.2 L. Caractéristiques ambiguës. Nécessite analyse complémentaire.",5.540393072616953,-0.9005232565248579,0.43188812366861395,False,False,True,False,False
-0.718664443829461,-0.8018749483330637,-0.5499211374365451,-0.03086350340708176,-0.9359812995108955,-0.7771782676152419,,"Lot de déchets non identifiés issu de la collecte citoyenne. Masse 23.4 kg. Comportement physique atypique, classification incertaine. Conditionnement non conforme au protocole.",-0.009452098801120232,-0.5916272916993068,-0.7708332231043629,False,True,False,False,False
0.16664639074182852,0.11532209552892793,1.8598132746503964,-0.03086350340708176,1.3304143068319114,2.672353794885637,,"Matériau inconnu en provenance de l'Usine B. Poids 83.9 kg, volume 160.7 L. Propriétés mixtes. Orientation vers tri manuel.",-0.1013525140196715,1.57994730763568,0.5969873363007918,False,False,False,True,False
-0.8044372035581103,-0.85932600596154,-0.5499211374365451,-0.03086350340708176,-1.2597521004170107,-0.8192918365712867,,Déchet inclassifiable détecté à l'Usine B. Masse estimée 17.6 kg. Agent de tri recommande contrôle visuel supplémentaire. Étiquetage absent sur le conteneur.,-0.04211715153462037,-0.591627297886624,-1.0298831129441712,False,False,False,True,False
2.660234649935842,2.454385137145216,-0.5499211374365451,-0.1922509272914619,0.6828727050196809,0.150908422384088,,Déchet inclassifiable détecté depuis l'Usine B. Masse estimée 254.4 kg. Agent de tri recommande contrôle visuel supplémentaire. Étiquetage absent sur le conteneur.,-0.08875150583794658,-0.7653532431329195,1.696348750118967,False,False,False,True,False
-0.6262419853558974,-0.45365718758329593,-0.5499211374365451,-0.03086350340708176,-1.583522901323126,-0.7317997629439787,,"Déchet non catégorisé collecté au centre de tri municipal. Poids 29.7 kg, volume 84.4 L. Caractéristiques ambiguës. Nécessite analyse complémentaire.",-0.2572049878744388,-0.5916272877622571,-0.24658095735460162,True,False,False,False,False
